clean_date,total_articles,positive,neutral,negative,average_confidence,weighted_sentiment,positive_ratio,neutral_ratio,negative_ratio,weighted_ma3,weighted_ma7
2016-09-08,1,0,1,0,0.9357889890670776,0.0,0.0,1.0,0.0,0.0,0.0
2017-01-29,1,0,1,0,0.9146474599838256,0.0,0.0,1.0,0.0,0.0,0.0
2017-01-31,2,1,1,0,0.9371283948421478,0.4629912972450256,0.5,0.5,0.0,0.15433043241500852,0.0
2017-02-01,1,0,1,0,0.8588475584983826,0.0,0.0,1.0,0.0,0.15433043241500852,0.0
2017-02-05,1,0,0,1,0.9560269713401794,-0.9560269713401794,0.0,0.0,1.0,-0.1643452246983846,0.0
2017-02-06,2,0,1,1,0.9530771672725677,-0.4767206311225891,0.0,0.5,0.5,-0.47758253415425617,0.0
2017-02-07,2,0,0,2,0.8048713803291321,-0.8048713803291321,0.0,0.0,1.0,-0.7458729942639669,-0.2535182407924107
2017-02-08,2,1,1,0,0.8237820267677307,0.3594357967376709,0.5,0.5,0.0,-0.3073854049046834,-0.2021702698298863
2017-02-09,1,0,0,1,0.9655781388282776,-0.9655781388282776,0.0,0.0,1.0,-0.4703379074732463,-0.34011000394821167
2017-02-12,1,0,0,1,0.9540761709213256,-0.9540761709213256,0.0,0.0,1.0,-0.5200728376706442,-0.5425482136862618
2017-02-13,1,1,0,0,0.9294135570526124,0.9294135570526124,1.0,0.0,0.0,-0.3300802508989969,-0.4097748483930315
2017-02-14,3,0,2,1,0.9407389362653097,-0.3228816986083984,0.0,0.6666666666666666,0.3333333333333333,-0.11584810415903718,-0.31932552371706274
2017-02-15,2,1,0,1,0.9184579849243164,-0.03357410430908203,0.5,0.0,0.5,0.19098591804504403,-0.2560188770294189
2017-02-16,1,1,0,0,0.9349064230918884,0.9349064230918884,1.0,0.0,0.0,0.19281687339146933,-0.0074791908264159835
2017-02-19,1,1,0,0,0.7963358163833618,0.7963358163833618,1.0,0.0,0.0,0.5658893783887228,0.05493509769439701
2017-02-20,1,0,0,1,0.7756965756416321,-0.7756965756416321,0.0,0.0,1.0,0.31851522127787274,0.08206103529248922
2017-02-21,1,0,0,1,0.9717639088630676,-0.9717639088630676,0.0,0.0,1.0,-0.317041556040446,0.07953421558652606
2017-02-22,1,0,0,1,0.9676555395126344,-0.9676555395126344,0.0,0.0,1.0,-0.9050386746724447,-0.19147565535136632
2017-02-23,1,0,1,0,0.953177571296692,0.0,0.0,1.0,0.0,-0.6464731494585673,-0.1453496984073094
2017-02-26,1,0,0,1,0.9662237763404846,-0.9662237763404846,0.0,0.0,1.0,-0.6446264386177063,-0.2785853658403669
2017-02-27,1,0,1,0,0.925031840801239,0.0,0.0,1.0,0.0,-0.3220745921134949,-0.41214342628206524
2017-02-28,1,0,0,1,0.9515803456306458,-0.9515803456306458,0.0,0.0,1.0,-0.6392680406570435,-0.6618457351412091
2017-03-02,2,1,1,0,0.8703006505966187,0.4672116041183472,0.5,0.5,0.0,-0.16145624717076618,-0.48428742374692646
2017-03-03,1,0,1,0,0.4982099533081054,0.0,0.0,1.0,0.0,-0.16145624717076618,-0.3454640081950596
2017-03-05,1,1,0,0,0.9128939509391784,0.9128939509391784,1.0,0.0,0.0,0.46003518501917523,-0.07681408098765785
2017-03-06,4,1,3,0,0.9223923087120056,0.2351565062999725,0.25,0.75,0.0,0.3826834857463836,-0.043220294373376045
2017-03-07,1,0,1,0,0.8997429013252258,0.0,0.0,1.0,0.0,0.3826834857463836,0.09481167367526462
2017-03-08,1,0,1,0,0.9229822158813475,0.0,0.0,1.0,0.0,0.0783855020999908,0.09481167367526462
2017-03-09,1,1,0,0,0.9357345104217528,0.9357345104217528,1.0,0.0,0.0,0.31191150347391755,0.36442808168275015
2017-03-13,1,1,0,0,0.9434261918067932,0.9434261918067932,1.0,0.0,0.0,0.6263869007428486,0.43245873706681387
2017-03-15,1,1,0,0,0.9289399981498718,0.9289399981498718,1.0,0.0,0.0,0.936033566792806,0.5651644510882241
2017-03-19,1,0,1,0,0.9540071487426758,0.0,0.0,1.0,0.0,0.6241220633188883,0.43475102952548433
2017-03-20,1,1,0,0,0.822990357875824,0.822990357875824,1.0,0.0,0.0,0.5839767853418986,0.5187272940363202
2017-03-21,2,1,1,0,0.853836178779602,0.468939483165741,0.5,0.5,0.0,0.4306432803471883,0.5857186487742833
2017-03-22,2,2,0,0,0.8963488042354584,0.8963488042354584,1.0,0.0,0.0,0.7294262150923411,0.7137684779507774
2017-03-23,1,1,0,0,0.9411997199058532,0.9411997199058532,1.0,0.0,0.0,0.7688293357690176,0.7145492221627917
2017-03-24,1,0,0,1,0.9254481196403505,-0.9254481196403505,0.0,0.0,1.0,0.304033468166987,0.4475671776703426
2017-03-26,1,1,0,0,0.9075827598571776,0.9075827598571776,1.0,0.0,0.0,0.30777812004089344,0.4445161436285291
2017-03-27,1,0,1,0,0.8853600025177002,0.0,0.0,1.0,0.0,-0.005955119927724277,0.4445161436285291
2017-03-28,7,3,3,1,0.8370354516165597,0.28184625932148527,0.42857142857142855,0.42857142857142855,0.14285714285714285,0.396476339726221,0.3672098438350521
2017-03-29,1,0,0,1,0.927085280418396,-0.927085280418396,0.0,0.0,1.0,-0.21507967369897021,0.167777734751604
2017-03-30,1,0,0,1,0.9664162397384644,-0.9664162397384644,0.0,0.0,1.0,-0.5372184202784583,-0.09833155724467067
2017-04-02,1,1,0,0,0.7253709435462952,0.7253709435462952,1.0,0.0,0.0,-0.3893768588701884,-0.1291642395817504
2017-04-03,4,0,3,1,0.9026277959346771,-0.2413865029811859,0.0,0.75,0.25,-0.16081059972445166,-0.03144115148758402
2017-04-04,1,0,0,1,0.9706121683120728,-0.9706121683120728,0.0,0.0,1.0,-0.16220924258232114,-0.2997547126546198
2017-04-05,1,0,1,0,0.9344563484191896,0.0,0.0,1.0,0.0,-0.40399955709775287,-0.2997547126546198
2017-04-06,1,0,0,1,0.9573553800582886,-0.9573553800582886,0.0,0.0,1.0,-0.6426558494567871,-0.4767835182803018
2017-04-09,1,0,0,1,0.7408076524734497,-0.7408076524734497,0.0,0.0,1.0,-0.5660543441772461,-0.4501724285738809
2017-04-10,1,1,0,0,0.9435856938362122,0.9435856938362122,1.0,0.0,0.0,-0.25152577956517536,-0.17731500949178422
2017-04-12,2,0,1,1,0.7479685246944427,-0.3988344669342041,0.0,0.5,0.5,-0.06535214185714718,-0.33791578241756987
2017-04-13,1,1,0,0,0.4908128976821899,0.4908128976821899,1.0,0.0,0.0,0.345188041528066,-0.23331586803708756
2017-04-18,1,0,0,1,0.973425030708313,-0.973425030708313,0.0,0.0,1.0,-0.29381553332010907,-0.23371770552226476
2017-04-19,2,1,0,1,0.9341727793216705,-0.009673863649368286,0.5,0.0,0.5,-0.1640953322251638,-0.23509968604360307
2017-04-20,2,0,1,1,0.8906656801700592,-0.4213256537914276,0.0,0.5,0.5,-0.46814151604970294,-0.15852401086262294
2017-04-24,1,0,0,1,0.9692265391349792,-0.9692265391349792,0.0,0.0,1.0,-0.46674201885859173,-0.1911552803856986
2017-04-25,1,0,0,1,0.9705482721328736,-0.9705482721328736,0.0,0.0,1.0,-0.7870334883530935,-0.4646029898098537
2017-04-26,1,1,0,0,0.6016293168067932,0.6016293168067932,1.0,0.0,0.0,-0.4460484981536865,-0.32167959213256836
2017-04-27,1,0,0,1,0.9693996906280518,-0.9693996906280518,0.0,0.0,1.0,-0.446106215318044,-0.5302813904626029
2017-04-30,2,0,0,2,0.9318899214267731,-0.9318899214267731,0.0,0.0,1.0,-0.43322009841601056,-0.5243478034223829
2017-05-02,1,1,0,0,0.9205919504165648,0.9205919504165648,1.0,0.0,0.0,-0.32689922054608667,-0.39145268712724957
2017-05-03,2,1,1,0,0.9452635049819946,0.469590038061142,0.5,0.5,0.0,0.15276402235031125,-0.2641790168625968
2017-05-04,1,0,0,1,0.9712364673614502,-0.9712364673614502,0.0,0.0,1.0,0.13964850703875223,-0.26446614946637836
2017-05-07,1,0,0,1,0.9738047122955322,-0.9738047122955322,0.0,0.0,1.0,-0.49181704719861347,-0.26493135520390104
2017-05-09,1,1,0,0,0.9233565330505372,0.9233565330505372,1.0,0.0,0.0,-0.340561548868815,-0.2189703243119376
2017-05-11,1,1,0,0,0.9303097724914552,0.9303097724914552,1.0,0.0,0.0,0.2932871977488201,0.05241674184799196
2017-05-15,2,1,1,0,0.6789872646331787,0.3914208710193634,0.5,0.5,0.0,0.7483623921871186,0.24146114076886857
2017-05-16,2,0,1,1,0.9536486268043518,-0.4851148426532746,0.0,0.5,0.5,0.2788719336191814,0.0406458846160344
2017-05-17,1,0,0,1,0.970690906047821,-0.970690906047821,0.0,0.0,1.0,-0.3547949592272441,-0.16510853597096034
2017-05-18,1,0,0,1,0.6518579721450806,-0.6518579721450806,0.0,0.0,1.0,-0.7025545736153921,-0.1194830366543361
2017-05-21,2,0,1,1,0.9645086526870728,-0.4855495691299438,0.0,0.5,0.5,-0.7026994824409485,-0.04973230191639489
2017-05-22,1,0,0,1,0.9728427529335022,-0.9728427529335022,0.0,0.0,1.0,-0.7034167647361755,-0.3206179141998291
2017-05-23,1,1,0,0,0.9513198137283324,0.9513198137283324,1.0,0.0,0.0,-0.16902416944503781,-0.317616479737418
2017-05-24,1,1,0,0,0.9318343997001648,0.9318343997001648,1.0,0.0,0.0,0.3034371534983317,-0.24041454706873214
2017-05-30,2,0,1,1,0.9577884674072266,-0.4845526814460754,0.0,0.5,0.5,0.4662005106608073,-0.24033423832484654
2017-05-31,1,1,0,0,0.5926830768585205,0.5926830768585205,1.0,0.0,0.0,0.3466549317042033,-0.01699509790965489
2017-06-01,2,0,1,1,0.9556766450405121,-0.4859103262424469,0.0,0.5,0.5,-0.12592664361000058,0.006711708647864205
2017-06-04,1,0,0,1,0.9670866131782532,-0.9670866131782532,0.0,0.0,1.0,-0.2867712875207265,-0.06207929764475141
2017-06-05,1,1,0,0,0.9353302121162416,0.9353302121162416,1.0,0.0,0.0,-0.17255557576815284,0.21051684021949768
2017-06-06,3,1,2,0,0.9127980271975199,0.31253190835316974,0.3333333333333333,0.6666666666666666,0.0,0.09359183576371938,0.11926142516590302
2017-06-07,1,0,0,1,0.9678071737289428,-0.9678071737289428,0.0,0.0,1.0,0.09335164891348953,-0.1521159424668266
2017-06-08,1,0,0,1,0.9718329906463624,-0.9718329906463624,0.0,0.0,1.0,-0.5423694186740451,-0.22172741520972478
2017-06-09,1,0,1,0,0.9331861138343812,0.0,0.0,1.0,0.0,-0.6465467214584351,-0.3063964261895134
2017-06-11,1,0,0,1,0.7714973092079163,-0.7714973092079163,0.0,0.0,1.0,-0.5811100999514262,-0.3471945666131519
2017-06-12,1,0,0,1,0.9710665345191956,-0.9710665345191956,0.0,0.0,1.0,-0.580854614575704,-0.3477631268047151
2017-06-13,3,0,2,1,0.901794453461965,-0.3092297911643982,0.0,0.6666666666666666,0.3333333333333333,-0.6839312116305033,-0.5255574129876636
2017-06-14,2,0,1,1,0.9556808173656464,-0.4850193858146668,0.0,0.5,0.5,-0.5884385704994202,-0.6394933121544975
2017-06-15,2,1,1,0,0.8858597874641418,0.42000386118888855,0.5,0.5,0.0,-0.12474843859672548,-0.4412345928805215
2017-06-18,1,0,0,1,0.964408040046692,-0.964408040046692,0.0,0.0,1.0,-0.3431411882241568,-0.44017388565199717
2017-06-19,3,0,1,2,0.9188650647799174,-0.602700392405192,0.0,0.3333333333333333,0.6666666666666666,-0.3823681904209985,-0.5262739417098817
2017-06-20,1,0,0,1,0.9641808867454528,-0.9641808867454528,0.0,0.0,1.0,-0.8437631063991122,-0.553800167072387
2017-06-22,1,1,0,0,0.9352135062217712,0.9352135062217712,1.0,0.0,0.0,-0.21055592430962447,-0.28147444696653456
2017-06-25,1,1,0,0,0.946776568889618,0.946776568889618,1.0,0.0,0.0,0.30593639612197887,-0.10204496695881794
2017-06-27,1,0,0,1,0.968546450138092,-0.968546450138092,0.0,0.0,1.0,0.30448120832443243,-0.1711202618621644
2017-06-28,1,0,0,1,0.971944272518158,-0.971944272518158,0.0,0.0,1.0,-0.33123805125554395,-0.3699699952488853
2017-06-29,1,0,1,0,0.9118582606315612,0.0,0.0,1.0,0.0,-0.6468302408854166,-0.23219741809935793
2017-07-02,2,0,1,1,0.9048566222190857,-0.486228734254837,0.0,0.5,0.5,-0.4860576689243316,-0.21555860979216432
2017-07-03,1,1,0,0,0.9031124711036682,0.9031124711036682,1.0,0.0,0.0,0.13896124561627712,0.05119758418628152
2017-07-04,1,0,0,1,0.9611232876777648,-0.9611232876777648,0.0,0.0,1.0,-0.18141318360964445,-0.21970767208508077
2017-07-06,1,1,0,0,0.9378803372383118,0.9378803372383118,1.0,0.0,0.0,0.2932898402214051,-0.22097856232098165
2017-07-09,2,2,0,0,0.8482090532779694,0.8482090532779694,1.0,0.0,0.0,0.27498870094617217,0.038557938167027114
2017-07-10,1,0,0,1,0.9678234457969666,-0.9678234457969666,0.0,0.0,1.0,0.2727553149064382,0.0391466276986259
2017-07-11,1,1,0,0,0.9322040677070618,0.9322040677070618,1.0,0.0,0.0,0.27086322506268823,0.1723186373710633
2017-07-12,1,1,0,0,0.9336528182029724,0.9336528182029724,1.0,0.0,0.0,0.29934448003768926,0.37515885915075037
2017-07-13,1,0,0,1,0.972650110721588,-0.972650110721588,0.0,0.0,1.0,0.29773559172948205,0.1071927760328566
2017-07-17,1,1,0,0,0.9332093596458436,0.9332093596458436,1.0,0.0,0.0,0.29807068904240935,0.37781172565051496
2017-07-18,1,1,0,0,0.9288178086280824,0.9288178086280824,1.0,0.0,0.0,0.2964590191841127,0.3765170787061965
2017-07-19,1,0,0,1,0.9704795479774476,-0.9704795479774476,0.0,0.0,1.0,0.2971825400988262,0.11670442138399405
2017-07-20,1,0,0,1,0.968163251876831,-0.968163251876831,0.0,0.0,1.0,-0.3366083304087321,0.1166558776582991
2017-07-23,2,0,1,1,0.957938253879547,-0.482477456331253,0.0,0.5,0.5,-0.8070400853951772,-0.08544148291860301
2017-07-24,2,0,1,1,0.9037290513515472,-0.4365729093551636,0.0,0.5,0.5,-0.6290712058544158,-0.28118801542690813
2017-07-25,1,1,0,0,0.9093096852302552,0.9093096852302552,1.0,0.0,0.0,-0.0032468934853870923,-0.012336616005216247
2017-07-26,1,1,0,0,0.939656138420105,0.939656138420105,1.0,0.0,0.0,0.4707976380983989,-0.011415647608893196
2017-07-27,3,0,1,2,0.9364762703577677,-0.6404823859532675,0.0,0.3333333333333333,0.6666666666666666,0.40282781256569766,-0.23560138969194316
2017-07-31,1,1,0,0,0.938040554523468,0.938040554523468,1.0,0.0,0.0,0.41240476899676853,0.03704433923675906
2017-08-01,2,1,1,0,0.90367391705513,0.4680689871311188,0.5,0.5,0.0,0.2552090519004398,0.2422203733807519
2017-08-02,3,1,2,0,0.9279692769050598,0.30164529879887897,0.3333333333333333,0.6666666666666666,0.0,0.5692516134844886,0.35423790982791364
2017-08-03,1,0,0,1,0.9707819223403932,-0.9707819223403932,0.0,0.0,1.0,-0.06702254547013176,0.27792233654430937
2017-08-04,1,1,0,0,0.9283460378646852,0.9283460378646852,1.0,0.0,0.0,0.08640313810772371,0.2806418154920851
2017-08-06,1,1,0,0,0.8741658329963684,0.8741658329963684,1.0,0.0,0.0,0.2772433161735535,0.27128605757440843
2017-08-07,1,1,0,0,0.9404049515724182,0.9404049515724182,1.0,0.0,0.0,0.9143056074778241,0.4971271057923636
2017-08-08,1,0,1,0,0.5741003155708313,0.0,0.0,1.0,0.0,0.6048569281895956,0.363121312289011
2017-08-09,1,0,0,1,0.969647228717804,-0.969647228717804,0.0,0.0,1.0,-0.009747425715128507,0.1577332814534506
2017-08-10,1,0,0,1,0.9683200716972352,-0.9683200716972352,0.0,0.0,1.0,-0.6459891001383463,-0.023690342903137176
2017-08-13,2,0,1,1,0.9565466940402985,-0.4857750833034516,0.0,0.5,0.5,-0.8079141279061636,0.04559634838785449
2017-08-14,1,0,0,1,0.9234359860420228,-0.9234359860420228,0.0,0.0,1.0,-0.7925103803475698,-0.21894394074167525
2017-08-15,1,0,0,1,0.9605457186698914,-0.9605457186698914,0.0,0.0,1.0,-0.7899189293384552,-0.48104559097971233
2017-08-16,2,0,1,1,0.9511618614196777,-0.4865139126777649,0.0,0.5,0.5,-0.7901652057965597,-0.6848911430154528
2017-08-17,1,0,0,1,0.9710524082183838,-0.9710524082183838,0.0,0.0,1.0,-0.8060373465220133,-0.823612915618079
2017-08-18,3,0,2,1,0.9405512611071268,-0.32290003697077435,0.0,0.6666666666666666,0.3333333333333333,-0.5934887859556409,-0.7312204596542177
2017-08-20,3,0,2,1,0.9192502101262411,-0.32323433955510456,0.0,0.6666666666666666,0.3333333333333333,-0.5390622615814208,-0.6390653550624847
2017-08-21,4,1,1,2,0.9500482082366943,-0.24638696014881128,0.25,0.25,0.5,-0.2975071122248967,-0.6048670517546789
2017-08-22,1,1,0,0,0.9419060945510864,0.9419060945510864,1.0,0.0,0.0,0.1240949316157236,-0.338389611669949
2017-08-23,1,0,1,0,0.8539092540740967,0.0,0.0,1.0,0.0,0.2318397114674251,-0.2011687947171074
2017-08-25,2,0,2,0,0.9343183040618896,0.0,0.0,1.0,0.0,0.31396869818369555,-0.13166680719171242
2017-08-27,2,2,0,0,0.7298067808151245,0.7298067808151245,1.0,0.0,0.0,0.2432689269383749,0.11131307695593162
2017-08-28,2,0,2,0,0.8181766867637634,0.0,0.0,1.0,0.0,0.2432689269383749,0.15744165366604226
2017-08-29,1,0,1,0,0.8233634233474731,0.0,0.0,1.0,0.0,0.2432689269383749,0.20361798788820004
2017-08-30,6,0,5,1,0.9234197040398916,-0.15485504269599912,0.0,0.8333333333333334,0.16666666666666666,-0.05161834756533296,0.21669397609574464
2017-08-31,3,1,1,1,0.6842358708381653,-0.1402685046195984,0.3333333333333333,0.3333333333333333,0.3333333333333333,-0.09837451577186578,0.062097604785646805
2017-09-03,1,0,1,0,0.7947348356246948,0.0,0.0,1.0,0.0,-0.09837451577186578,0.062097604785646805
2017-09-04,2,0,1,1,0.9595541954040527,-0.4847562909126282,0.0,0.5,0.5,-0.2083415985107421,-0.0071532939161572185
2017-09-06,1,1,0,0,0.9412522912025452,0.9412522912025452,1.0,0.0,0.0,0.1521653334299724,0.02305320756776002
2017-09-08,1,1,0,0,0.9395950436592102,0.9395950436592102,1.0,0.0,0.0,0.4653636813163758,0.15728107094764718
2017-09-10,1,0,0,1,0.970931589603424,-0.970931589603424,0.0,0.0,1.0,0.3033052484194439,0.018576558147158053
2017-09-11,3,2,1,0,0.9443085789680481,0.629993200302124,0.6666666666666666,0.3333333333333333,0.0,0.1995522181193035,0.1306977357183185
2017-09-12,2,0,1,1,0.9432331025600433,-0.4862048029899597,0.0,0.5,0.5,-0.2757143974304198,0.08127826452255259
2017-09-13,4,2,2,0,0.9310559779405594,0.46836991608142853,0.5,0.5,0.0,0.20405277113119769,0.14818825253418527
2017-09-14,2,1,1,0,0.926363468170166,0.4679192304611206,0.5,0.5,0.0,0.15002811451752987,0.28428475558757793
2017-09-15,1,0,0,1,0.9678847789764404,-0.9678847789764404,0.0,0.0,1.0,-0.010531877477963691,0.011550888419151417
2017-09-18,1,0,0,1,0.97128164768219,-0.97128164768219,0.0,0.0,1.0,-0.4904157320658366,-0.2614314960581915
2017-09-19,1,0,1,0,0.9257003664970398,0.0,0.0,1.0,0.0,-0.6463888088862101,-0.12272698325770234
2017-09-22,3,1,2,0,0.8844647407531738,0.31365787982940674,0.3333333333333333,0.6666666666666666,0.0,-0.21920792261759436,-0.1679177433252334
2017-10-08,2,1,0,1,0.8398167192935944,-0.13139972090721125,0.5,0.0,0.5,0.0607527196407319,-0.11723130302769788
2017-10-09,1,0,1,0,0.9388364553451538,0.0,0.0,1.0,0.0,0.0607527196407319,-0.18414129103933052
2017-10-10,1,0,0,1,0.9507126212120056,-0.9507126212120056,0.0,0.0,1.0,-0.3607041140397389,-0.38680298413549136
2017-10-11,1,1,0,0,0.9475464820861816,0.9475464820861816,1.0,0.0,0.0,-0.0010553797086079175,-0.11316994684083112
2017-10-12,3,1,1,1,0.8353297909100851,0.04054504632949829,0.3333333333333333,0.3333333333333333,0.3333333333333333,0.012459635734558161,0.03137672373226722
2017-10-13,2,0,2,0,0.7839169502258301,0.0,0.0,1.0,0.0,0.32936384280522674,0.03137672373226722
2017-10-16,2,1,1,0,0.9294498860836029,0.470010906457901,0.5,0.5,0.0,0.17018531759579983,0.05371287039348068
2017-10-18,2,1,0,1,0.9073234796524048,-0.03913474082946777,0.5,0.0,0.5,0.14362538854281115,0.06689358183315831
2017-10-22,4,3,0,1,0.8700924962759018,0.5160716623067856,0.75,0.0,0.25,0.31564927597840636,0.14061810501984198
2017-10-23,2,1,0,1,0.940433919429779,-0.029662609100341852,0.5,0.0,0.5,0.14909143745899206,0.27219667817865106
2017-10-24,3,0,2,1,0.8212956190109253,-0.3219949205716451,0.0,0.6666666666666666,0.3333333333333333,0.05480471087826629,0.09083362065610441
2017-10-26,1,0,1,0,0.8815529346466064,0.0,0.0,1.0,0.0,-0.1172191765573289,0.08504147118046179
2017-10-27,2,0,1,1,0.911028653383255,-0.484790027141571,0.0,0.5,0.5,-0.2689283159044053,0.015785753017380222
2017-10-29,1,0,0,1,0.968930959701538,-0.968930959701538,0.0,0.0,1.0,-0.4845736622810362,-0.1897773707196825
2017-10-30,1,0,0,1,0.9722842574119568,-0.9722842574119568,0.0,0.0,1.0,-0.8086684147516885,-0.32308444451718094
2017-10-31,4,2,1,1,0.9460037499666214,0.22518798708915708,0.5,0.25,0.25,-0.5720090766747792,-0.3646392552625564
2017-11-01,1,0,0,1,0.9742448925971984,-0.9742448925971984,0.0,0.0,1.0,-0.5737803876399993,-0.49957958147639303
2017-11-02,2,0,1,1,0.9583419561386108,-0.4855173230171204,0.0,0.5,0.5,-0.4115247428417205,-0.5229399246828895
2017-11-05,3,0,2,1,0.9464152654012045,-0.3229591846466064,0.0,0.6666666666666666,0.3333333333333333,-0.5942404667536417,-0.5690769510609762
2017-11-06,2,0,1,1,0.947248786687851,-0.484900176525116,0.0,0.5,0.5,-0.43112556139628094,-0.5690926866871969
2017-11-07,2,0,1,1,0.8987828493118286,-0.4864413440227508,0.0,0.5,0.5,-0.4314335683981578,-0.5001655987330844
2017-11-08,3,0,2,1,0.7226395209630331,-0.3224886854489644,0.0,0.6666666666666666,0.3333333333333333,-0.43127673533227706,-0.40733765988122833
2017-11-12,2,1,1,0,0.9198618531227112,0.4637728929519654,0.5,0.5,0.0,-0.11505237883991659,-0.37325410190082714
2017-11-13,3,3,0,0,0.8459866245587667,0.8459866245587667,1.0,0.0,0.0,0.3290902773539226,-0.11322102802140362
2017-11-14,1,1,0,0,0.9447362422943116,0.9447362422943116,1.0,0.0,0.0,0.7514985866016812,0.09110090988022956
2017-11-16,1,0,0,1,0.9676308035850524,-0.9676308035850524,0.0,0.0,1.0,0.27436402108934205,-0.0009950356824055856
2017-11-17,1,1,0,0,0.9105482697486876,0.9105482697486876,1.0,0.0,0.0,0.29588456948598235,0.1983547423567092
2017-11-19,1,0,0,1,0.9728218913078308,-0.9728218913078308,0.0,0.0,1.0,-0.3433014750480652,0.1288718070302692
2017-11-20,1,0,0,1,0.972602128982544,-0.972602128982544,0.0,0.0,1.0,-0.3449585835138957,0.035998457954043585
2017-11-22,2,0,1,1,0.9165655672550201,-0.4858453571796417,0.0,0.5,0.5,-0.8104231258233389,-0.09966129206475746
2017-11-23,2,1,0,1,0.9214370250701904,0.0016985535621644177,0.5,0.0,0.5,-0.48558297753334045,-0.2202738736357006
2017-11-24,2,0,2,0,0.9401184022426604,0.0,0.0,1.0,0.0,-0.1613822678724924,-0.35523619396345946
2017-11-26,2,2,0,0,0.8460482954978943,0.8460482954978943,1.0,0.0,0.0,0.2825822830200196,-0.09613917980875275
2017-11-27,1,0,0,1,0.9116454720497132,-0.9116454720497132,0.0,0.0,1.0,-0.02186572551727295,-0.3564525714942386
2017-11-28,3,2,0,1,0.930939237276713,0.3064140081405639,0.6666666666666666,0.0,0.3333333333333333,0.08027227719624835,-0.17370458585875365
2017-11-29,2,2,0,0,0.936225175857544,0.936225175857544,1.0,0.0,0.0,0.11033123731613159,0.09898502911840176
2017-11-30,1,0,0,1,0.5767766833305359,-0.5767766833305359,0.0,0.0,1.0,0.22195416688919067,0.08599483966827402
2017-12-01,2,0,2,0,0.9257860481739044,0.0,0.0,1.0,0.0,0.11981616417566941,0.0857521891593934
2017-12-03,2,0,2,0,0.8704053461551666,0.0,0.0,1.0,0.0,-0.19225889444351188,0.0857521891593934
2017-12-04,3,0,2,1,0.9478382666905721,-0.3235560059547424,0.0,0.6666666666666666,0.3333333333333333,-0.10785200198491406,-0.0813341396195547
2017-12-05,1,0,0,1,0.971259593963623,-0.971259593963623,0.0,0.0,1.0,-0.4316051999727884,-0.08985044275011324
2017-12-06,2,1,1,0,0.7476091384887695,0.27950191497802734,0.5,0.5,0.0,-0.3384378949801126,-0.09369502748761846
2017-12-10,1,0,0,1,0.9575402736663818,-0.9575402736663818,0.0,0.0,1.0,-0.5497659842173258,-0.3642329488481793
2017-12-11,1,0,0,1,0.8798394799232483,-0.8798394799232483,0.0,0.0,1.0,-0.5192926128705342,-0.40752763407570963
2017-12-12,1,0,0,1,0.9680304527282716,-0.9680304527282716,0.0,0.0,1.0,-0.9351367354393005,-0.545817698751177
2017-12-14,3,0,1,2,0.9386712710062662,-0.6286782224973043,0.0,0.3333333333333333,0.6666666666666666,-0.8255160517162746,-0.6356288733936489
2017-12-15,1,0,1,0,0.9097722768783568,0.0,0.0,1.0,0.0,-0.5322362250751919,-0.5894065868286857
2017-12-17,1,0,0,1,0.9706476926803588,-0.9706476926803588,0.0,0.0,1.0,-0.5331086383925543,-0.589319172359648
2017-12-18,1,0,0,1,0.9471040964126588,-0.9471040964126588,0.0,0.0,1.0,-0.6392505963643391,-0.7645486025583175
2017-12-19,1,0,0,1,0.9703777432441713,-0.9703777432441713,0.0,0.0,1.0,-0.9627098441123962,-0.7663825267837161
2017-12-20,1,0,0,1,0.9628761410713196,-0.9628761410713196,0.0,0.0,1.0,-0.9601193269093832,-0.7782449069477263
2017-12-21,1,0,0,1,0.9704289436340332,-0.9704289436340332,0.0,0.0,1.0,-0.9678942759831747,-0.7785875485056922
2017-12-24,1,0,1,0,0.7888994812965393,0.0,0.0,1.0,0.0,-0.6444350282351176,-0.6887763738632202
2017-12-25,1,0,1,0,0.8721168637275696,0.0,0.0,1.0,0.0,-0.3234763145446777,-0.6887763738632202
2017-12-26,1,0,0,1,0.9731130599975586,-0.9731130599975586,0.0,0.0,1.0,-0.3243710199991861,-0.6891285691942486
2017-12-27,1,0,0,1,0.9529065489768982,-0.9529065489768982,0.0,0.0,1.0,-0.6420065363248189,-0.6899574909891399
2017-12-28,1,0,0,1,0.9732049107551576,-0.9732049107551576,0.0,0.0,1.0,-0.9664081732432047,-0.690361372062138
2017-12-31,1,0,0,1,0.9680864810943604,-0.9680864810943604,0.0,0.0,1.0,-0.9647326469421387,-0.6911057063511439
2018-01-01,2,1,1,0,0.8565116226673126,0.4017763137817383,0.5,0.5,0.0,-0.5131716926892599,-0.4950763838631765
2018-01-02,1,1,0,0,0.941946029663086,0.941946029663086,1.0,0.0,0.0,0.1252119541168214,-0.3605126653398785
2018-01-03,1,0,0,1,0.9522746205329896,-0.9522746205329896,0.0,0.0,1.0,0.13048257430394503,-0.4965518968445913
2018-01-04,1,1,0,0,0.9461864233016968,0.9461864233016968,1.0,0.0,0.0,0.31195261081059783,-0.22236625637326912
2018-01-07,2,1,1,0,0.8699315786361694,0.4664911031723022,0.5,0.5,0.0,0.15346763531366986,-0.019595163209097623
2018-01-08,3,1,2,0,0.8713421821594238,0.3120717406272888,0.3333333333333333,0.6666666666666666,0.0,0.5749164223670961,0.16401578698839472
2018-01-09,1,1,0,0,0.9501630663871764,0.9501630663871764,1.0,0.0,0.0,0.5762419700622559,0.4380514366286143
2018-01-10,3,0,0,3,0.8323139150937399,-0.8323139150937399,0.0,0.0,1.0,0.14330696397357515,0.261752832503546
2018-01-14,1,0,0,1,0.4306707680225372,-0.4306707680225372,0.0,0.0,1.0,-0.10427387224303349,0.06566471854845692
2018-01-16,1,0,0,1,0.8469359874725342,-0.8469359874725342,0.0,0.0,1.0,-0.7033068901962704,0.08071309469995055
2018-01-18,2,0,2,0,0.9348057806491852,0.0,0.0,1.0,0.0,-0.42586891849835706,-0.05445639434314901
2018-01-21,1,0,0,1,0.9594525694847108,-0.9594525694847108,0.0,0.0,1.0,-0.6021295189857483,-0.25816263329415085
2018-01-23,1,0,0,1,0.8707533478736877,-0.8707533478736877,0.0,0.0,1.0,-0.6100686391194662,-0.4271376459371475
2018-01-25,2,0,1,1,0.6811591237783432,-0.4342760443687439,0.0,0.5,0.5,-0.7548273205757141,-0.6249146617594219
2018-01-26,1,0,0,1,0.9238170385360718,-0.9238170385360718,0.0,0.0,1.0,-0.7429488102595011,-0.6379865365368979
2018-01-30,1,0,1,0,0.9333885908126832,0.0,0.0,1.0,0.0,-0.4526976943016052,-0.5764621411051067
2018-02-01,1,1,0,0,0.8970443606376648,0.8970443606376648,1.0,0.0,0.0,-0.008924225966135587,-0.32732209137507834
2018-02-02,1,1,0,0,0.9284456968307496,0.9284456968307496,1.0,0.0,0.0,0.6084966858228049,-0.19468699182782842
2018-02-07,1,0,0,1,0.9599654078483582,-0.9599654078483582,0.0,0.0,1.0,0.28850821654001885,-0.19476025445120662
2018-02-08,1,1,0,0,0.9063043594360352,0.9063043594360352,1.0,0.0,0.0,0.29159488280614226,0.059105132307325205
2018-02-09,1,0,0,1,0.9502195715904236,-0.9502195715904236,0.0,0.0,1.0,-0.3346268733342488,-0.014601085867200467
2018-02-11,2,0,0,2,0.9332158863544464,-0.9332158863544464,0.0,0.0,1.0,-0.3257103661696115,-0.015943778412682557
2018-02-12,1,0,0,1,0.957002341747284,-0.957002341747284,0.0,0.0,1.0,-0.9468125998973846,-0.15265839866229455
2018-02-15,4,1,3,0,0.9319784194231033,0.2346862405538559,0.25,0.75,0.0,-0.5518439958492914,-0.24728098724569583
2018-02-17,1,1,0,0,0.91114604473114,0.91114604473114,1.0,0.0,0.0,0.0629433145125707,-0.24975236611706864
2018-02-18,1,0,0,1,0.9270231127738952,-0.9270231127738952,0.0,0.0,1.0,0.07293639083703363,-0.24504632396357393
2018-02-26,2,0,1,1,0.8186176419258118,-0.4596108198165894,0.0,0.5,0.5,-0.15849596261978144,-0.440177063856806
2018-02-27,1,0,0,1,0.7514175772666931,-0.7514175772666931,0.0,0.0,1.0,-0.7126838366190592,-0.41177677895341597
2018-03-02,2,0,1,1,0.7364868819713593,-0.4547165930271148,0.0,0.5,0.5,-0.5552483300367991,-0.34341973704951145
2018-03-06,2,0,2,0,0.8747420907020569,0.0,0.0,1.0,0.0,-0.40204472343126924,-0.20670511679989945
2018-03-07,1,1,0,0,0.7115002274513245,0.7115002274513245,1.0,0.0,0.0,0.08559454480806994,-0.13858883295740393
2018-03-12,2,0,2,0,0.9262541830539703,0.0,0.0,1.0,0.0,0.2371667424837749,-0.26875255363328104
2018-03-14,3,0,2,1,0.830139676729838,-0.26335640748341876,0.0,0.6666666666666666,0.3333333333333333,0.14938127332263532,-0.17394302430607017
2018-03-15,2,1,1,0,0.5057798475027084,0.21469362080097196,0.5,0.5,0.0,-0.01622092889414886,-0.0776138185035614
2018-03-16,2,0,0,2,0.5634373724460602,-0.5634373724460602,0.0,0.0,1.0,-0.20403338637616894,-0.05075950352918527
2018-03-18,1,0,0,1,0.957787036895752,-0.957787036895752,0.0,0.0,1.0,-0.43551026284694666,-0.12262670979613342
2018-03-19,3,0,0,3,0.9462610085805258,-0.9462610085805258,0.0,0.0,1.0,-0.8224951393074459,-0.25780685387906566
2018-03-20,2,1,0,1,0.9419665932655334,-0.02622359991073614,0.5,0.0,0.5,-0.6434238817956712,-0.36319597207364573
2018-03-21,2,0,1,1,0.9495335817337036,-0.4711014032363892,0.0,0.5,0.5,-0.4811953372425503,-0.43049617253598704
2018-03-22,1,0,1,0,0.4538136422634125,0.0,0.0,1.0,0.0,-0.16577500104904172,-0.3928738286097844
2018-03-23,3,1,2,0,0.796880304813385,0.17093036572138467,0.3333333333333333,0.6666666666666666,0.0,-0.10005701250500143,-0.3991257221925825
2018-03-25,1,0,1,0,0.9142491221427916,0.0,0.0,1.0,0.0,0.05697678857379496,-0.3186346689860025
2018-03-26,3,0,1,2,0.9346775412559509,-0.6194782455762228,0.0,0.3333333333333333,0.6666666666666666,-0.14951595995161263,-0.27030484165464125
2018-03-27,3,1,2,0,0.9201375047365824,0.2913203835487366,0.3333333333333333,0.6666666666666666,0.0,-0.109385954009162,-0.09350749992188948
2018-03-28,2,0,1,1,0.7859280407428741,-0.3268117606639862,0.0,0.5,0.5,-0.21832320756382406,-0.13644866574378237
2018-03-29,2,1,1,0,0.9429800510406494,0.4719076752662658,0.5,0.5,0.0,0.14547209938367214,-0.0017330831005459132
2018-04-01,1,0,0,1,0.9667252898216248,-0.9667252898216248,0.0,0.0,1.0,-0.2738764584064483,-0.1398366959322066
2018-04-02,1,0,0,1,0.9672279953956604,-0.9672279953956604,0.0,0.0,1.0,-0.48734853665033967,-0.3024307475203559
2018-04-04,1,1,0,0,0.930188238620758,0.930188238620758,1.0,0.0,0.0,-0.33458834886550903,-0.16954671343167618
2018-04-05,4,2,2,0,0.924173891544342,0.46682627499103546,0.5,0.5,0.0,0.14326217273871109,-0.014360353350639296
2018-04-09,2,0,1,1,0.9197631478309631,-0.4760257303714752,0.0,0.5,0.5,0.3069962610801061,-0.12398122676781241
2018-04-10,1,0,0,1,0.9647812247276306,-0.9647812247276306,0.0,0.0,1.0,-0.32466022670269007,-0.2151197216340473
2018-04-11,1,1,0,0,0.7031577229499817,0.7031577229499817,1.0,0.0,0.0,-0.2458830773830413,-0.1820840005363736
2018-04-12,1,0,0,1,0.9200320839881896,-0.9200320839881896,0.0,0.0,1.0,-0.3938851952552794,-0.1754135425601686
2018-04-15,1,0,0,1,0.775297224521637,-0.775297224521637,0.0,0.0,1.0,-0.33072386185328156,-0.1479948610067367
2018-04-16,2,1,1,0,0.8552832007408142,0.4357758164405823,0.5,0.5,0.0,-0.4198511640230813,-0.2186252070324761
2018-04-17,2,1,1,0,0.8355703353881836,0.36627617478370667,0.5,0.5,0.0,0.008918255567550734,-0.23298950706209448
2018-04-18,1,0,0,1,0.7469313144683838,-0.7469313144683838,0.0,0.0,1.0,0.018373558918635124,-0.27169030479022427
2018-04-19,2,1,1,0,0.8859350383281708,0.4437136948108673,0.5,0.5,0.0,0.0210195183753968,-0.07047674485615314
2018-04-20,1,0,1,0,0.883857250213623,0.0,0.0,1.0,0.0,-0.10107253988583875,-0.17092784813472198
2018-04-22,1,1,0,0,0.93830668926239,0.93830668926239,1.0,0.0,0.0,0.4606734613577525,0.0945491194725037
2018-04-24,2,0,2,0,0.923540472984314,0.0,0.0,1.0,0.0,0.31276889642079675,0.20530586583273758
2018-05-02,1,1,0,0,0.5899595022201538,0.5899595022201538,1.0,0.0,0.0,0.5094220638275146,0.22733210665839065
2018-05-03,1,1,0,0,0.8306605815887451,0.8306605815887451,1.0,0.0,0.0,0.47354002793629973,0.2936727362019676
2018-05-06,1,0,0,1,0.9533722400665284,-0.9533722400665284,0.0,0.0,1.0,0.1557492812474569,0.2641811754022326
2018-05-07,1,0,0,1,0.938362956047058,-0.938362956047058,0.0,0.0,1.0,-0.35369153817494703,0.06674165385110044
2018-05-09,1,0,1,0,0.95067298412323,0.0,0.0,1.0,0.0,-0.6305783987045287,0.06674165385110042
2018-05-18,1,0,1,0,0.944793701171875,0.0,0.0,1.0,0.0,-0.3127876520156859,-0.06730215890066958
2018-05-27,1,0,1,0,0.925498902797699,0.0,0.0,1.0,0.0,0.0,-0.06730215890066958
2018-05-30,1,0,0,1,0.9651687741279602,-0.9651687741279602,0.0,0.0,1.0,-0.32172292470932,-0.28946334123611445
2018-05-31,1,0,0,1,0.9692817330360411,-0.9692817330360411,0.0,0.0,1.0,-0.6448168357213336,-0.5465979576110839
2018-06-03,3,0,1,2,0.8650804360707601,-0.6390900413195292,0.0,0.3333333333333333,0.6666666666666666,-0.8578468494945101,-0.5017005006472269
2018-06-04,2,0,1,1,0.7722724676132202,-0.3531673848628998,0.0,0.5,0.5,-0.6538463864061567,-0.41810113333520427
2018-06-05,2,0,0,2,0.6943638622760773,-0.6943638622760773,0.0,0.0,1.0,-0.5622070961528354,-0.5172959708032153
2018-06-06,3,0,2,1,0.6643495957056681,-0.21371058622996011,0.0,0.6666666666666666,0.3333333333333333,-0.42041394445631236,-0.5478260545503525
2018-06-07,1,0,0,1,0.9461132287979126,-0.9461132287979126,0.0,0.0,1.0,-0.6180625591013166,-0.6829850872357686
2018-06-10,2,0,1,1,0.8721550703048706,-0.399539053440094,0.0,0.5,0.5,-0.5197876228226556,-0.6021808414232163
2018-06-12,1,0,1,0,0.9468405842781068,0.0,0.0,1.0,0.0,-0.44855076074600203,-0.46371202241806747
2018-06-13,2,0,1,1,0.930343359708786,-0.4658762216567993,0.0,0.5,0.5,-0.28847175836563105,-0.4389671910376775
2018-06-15,1,0,1,0,0.757597804069519,0.0,0.0,1.0,0.0,-0.1552920738855997,-0.38851470748583466
2018-06-17,1,0,0,1,0.9588340520858764,-0.9588340520858764,0.0,0.0,1.0,-0.4749034245808918,-0.4262961631729488
2018-06-19,2,0,1,1,0.9443314373493195,-0.4771452248096466,0.0,0.5,0.5,-0.4786597589651742,-0.46392968297004694
2018-06-21,1,0,1,0,0.9492254257202148,0.0,0.0,1.0,0.0,-0.4786597589651742,-0.32877065028463087
2018-06-22,2,0,2,0,0.8725088238716125,0.0,0.0,1.0,0.0,-0.15904840826988212,-0.2716936426503317
2018-06-25,1,0,0,1,0.9313262104988098,-0.9313262104988098,0.0,0.0,1.0,-0.31044207016626985,-0.4047402441501617
2018-06-29,1,0,1,0,0.9491910934448242,0.0,0.0,1.0,0.0,-0.31044207016626985,-0.33818649819919033
2018-07-03,1,0,0,1,0.8200984001159668,-0.8200984001159668,0.0,0.0,1.0,-0.5838082035382588,-0.4553434125014713
2018-07-08,2,0,1,1,0.7898796498775482,-0.3311511278152466,0.0,0.5,0.5,-0.38374984264373774,-0.36567442331995276
2018-07-09,2,0,2,0,0.8533951938152313,0.0,0.0,1.0,0.0,-0.38374984264373774,-0.2975108197757175
2018-07-10,1,0,0,1,0.8835867047309875,-0.8835867047309875,0.0,0.0,1.0,-0.40491261084874464,-0.4237374918801443
2018-07-11,1,0,0,1,0.9334022998809814,-0.9334022998809814,0.0,0.0,1.0,-0.6056630015373229,-0.5570806775774274
2018-07-12,1,0,0,1,0.9605945348739624,-0.9605945348739624,0.0,0.0,1.0,-0.9258611798286438,-0.5612618667738778
2018-07-15,1,1,0,0,0.7407419681549072,0.7407419681549072,1.0,0.0,0.0,-0.3844182888666788,-0.45544158560889103
2018-07-16,1,1,0,0,0.927642822265625,0.927642822265625,1.0,0.0,0.0,0.23593008518219002,-0.20576426812580648
2018-07-17,3,0,2,1,0.9440444906552633,-0.31399492422739667,0.0,0.6666666666666666,0.3333333333333333,0.45146328873104524,-0.20331338189897077
2018-07-18,2,0,0,2,0.9641382098197938,-0.9641382098197938,0.0,0.0,1.0,-0.1168301039271884,-0.341047411873227
2018-07-19,1,0,0,1,0.916787564754486,-0.916787564754486,0.0,0.0,1.0,-0.7316402329338921,-0.34579039187658395
2018-07-20,1,0,1,0,0.8050899505615234,0.0,0.0,1.0,0.0,-0.6269752581914264,-0.21244720617930085
2018-07-22,2,0,1,1,0.9305412173271179,-0.4603080451488495,0.0,0.5,0.5,-0.4590318699677784,-0.14097770764714188
2018-07-23,1,1,0,0,0.684806227684021,0.684806227684021,1.0,0.0,0.0,0.07483272751172391,-0.14896852771441133
2018-07-24,1,1,0,0,0.5875532627105713,0.5875532627105713,1.0,0.0,0.0,0.27068381508191436,-0.19755275050799043
2018-07-25,1,0,0,1,0.918146014213562,-0.918146014213562,0.0,0.0,1.0,0.11807115872701017,-0.28386004907744267
2018-07-26,1,0,0,1,0.94203382730484,-0.94203382730484,0.0,0.0,1.0,-0.4242088596026101,-0.28070228014673493
2018-07-27,1,0,0,1,0.9102131128311156,-0.9102131128311156,0.0,0.0,1.0,-0.9234643181165058,-0.2797630727291106
2018-07-29,1,1,0,0,0.8961533308029175,0.8961533308029175,1.0,0.0,0.0,-0.3186978697776793,-0.1517411683286938
2018-07-30,1,1,0,0,0.6916016936302185,0.6916016936302185,1.0,0.0,0.0,0.2258473038673402,0.012817365782601604
2018-07-31,1,1,0,0,0.6147964596748352,0.6147964596748352,1.0,0.0,0.0,0.7341838280359904,0.002815970352717919
2018-08-01,1,1,0,0,0.8803603649139404,0.8803603649139404,1.0,0.0,0.0,0.728919506072998,0.04464555638177065
2018-08-02,1,0,0,1,0.945516049861908,-0.945516049861908,0.0,0.0,1.0,0.18321359157562264,0.04073555128914982
2018-08-03,1,0,1,0,0.9348725080490112,0.0,0.0,1.0,0.0,-0.021718561649322437,0.17531181233269838
2018-08-05,1,0,0,1,0.5702605247497559,-0.5702605247497559,0.0,0.0,1.0,-0.5052588582038878,0.2238764677728926
2018-08-06,1,0,0,1,0.5464657545089722,-0.5464657545089722,0.0,0.0,1.0,-0.3722420930862426,0.017788027014051244
2018-08-07,1,1,0,0,0.4860641062259674,0.4860641062259674,1.0,0.0,0.0,-0.21022072434425346,-0.011574485472270342
2018-08-09,1,0,0,1,0.9558939337730408,-0.9558939337730408,0.0,0.0,1.0,-0.33876519401868177,-0.2359588273933955
2018-08-12,1,0,0,1,0.972015917301178,-0.972015917301178,0.0,0.0,1.0,-0.4806152482827504,-0.5005840105669839
2018-08-13,1,1,0,0,0.586994469165802,0.586994469165802,1.0,0.0,0.0,-0.4469717939694722,-0.2816539364201681
2018-08-15,1,1,0,0,0.6936742067337036,0.6936742067337036,1.0,0.0,0.0,0.10288425286610929,-0.1825576211724962
2018-08-16,1,1,0,0,0.9020328521728516,0.9020328521728516,1.0,0.0,0.0,0.727567176024119,0.027770004102162033
2018-08-19,1,0,0,1,0.9642673134803772,-0.9642673134803772,0.0,0.0,1.0,0.2104799151420594,-0.031915932893752975
2018-08-20,1,0,0,1,0.9678048491477966,-0.9678048491477966,0.0,0.0,1.0,-0.3433464368184407,-0.23961149794714784
2018-08-21,1,0,0,1,0.9118770956993104,-0.9118770956993104,0.0,0.0,1.0,-0.9479830861091614,-0.2333233782223292
2018-08-22,1,0,0,1,0.9626196026802064,-0.9626196026802064,0.0,0.0,1.0,-0.9474338491757711,-0.2319810475621904
2018-08-23,1,0,0,1,0.9703115224838256,-0.9703115224838256,0.0,0.0,1.0,-0.9482694069544474,-0.4544533320835658
2018-08-26,1,0,0,1,0.9326753616333008,-0.9326753616333008,0.0,0.0,1.0,-0.9552021622657776,-0.6867889847074237
2018-08-28,1,0,0,1,0.5170280933380127,-0.5170280933380127,0.0,0.0,1.0,-0.8066716591517129,-0.8895119769232613
2018-08-29,1,0,0,1,0.9590442776679992,-0.9590442776679992,0.0,0.0,1.0,-0.8029159108797708,-0.8887658289500644
2018-08-30,1,1,0,0,0.6577469706535339,0.6577469706535339,1.0,0.0,0.0,-0.2727751334508259,-0.6565441404070171
2018-09-02,1,1,0,0,0.7082032561302185,0.7082032561302185,1.0,0.0,0.0,0.13563531637191784,-0.425104090145656
2018-09-03,1,1,0,0,0.8595091104507446,0.8595091104507446,1.0,0.0,0.0,0.7418197790781657,-0.16479998826980577
2018-09-04,1,1,0,0,0.6252574920654297,0.6252574920654297,1.0,0.0,0.0,0.730989952882131,0.06313844238008781
2018-09-05,1,0,1,0,0.7591738104820251,0.0,0.0,1.0,0.0,0.49492220083872485,0.19637777975627363
2018-09-06,1,0,0,1,0.7605510950088501,-0.7605510950088501,0.0,0.0,1.0,-0.04509786764780673,0.16158877951758258
2018-09-09,1,0,0,1,0.924172580242157,-0.924172580242157,0.0,0.0,1.0,-0.5615745584170023,0.16657045057841716
2018-09-10,1,0,0,1,0.9517184495925904,-0.9517184495925904,0.0,0.0,1.0,-0.8788140416145325,-0.06335318088531487
2018-09-11,1,1,0,0,0.8958194255828857,0.8958194255828857,1.0,0.0,0.0,-0.3266905347506205,-0.036550870963505275
2018-09-12,1,1,0,0,0.6754398345947266,0.6754398345947266,1.0,0.0,0.0,0.2065136035283407,-0.06284648180007928
2018-09-13,1,0,1,0,0.6445496678352356,0.0,0.0,1.0,0.0,0.5237530867258708,-0.15216898066656923
2018-09-16,1,0,1,0,0.4519917964935303,0.0,0.0,1.0,0.0,0.22514661153157559,-0.15216898066656923
2018-09-17,1,0,0,1,0.6622169017791748,-0.6622169017791748,0.0,0.0,1.0,-0.22073896725972486,-0.1381212387766156
2018-09-18,2,1,0,1,0.6221055388450623,-0.12004560232162476,0.5,0.0,0.5,-0.2607541680335998,-0.023245956216539593
2018-09-20,1,0,0,1,0.9542792439460754,-0.9542792439460754,0.0,0.0,1.0,-0.5788472493489583,-0.023611783981323162
2018-09-23,1,0,0,1,0.6758232116699219,-0.6758232116699219,0.0,0.0,1.0,-0.5833826859792073,-0.24813216073172426
2018-09-25,1,0,1,0,0.545722484588623,0.0,0.0,1.0,0.0,-0.5433674852053324,-0.34462356567382807
2018-09-26,1,0,0,1,0.9522833824157716,-0.9522833824157716,0.0,0.0,1.0,-0.5427021980285645,-0.4806640488760811
2018-09-27,1,0,0,1,0.9513468146324158,-0.9513468146324158,0.0,0.0,1.0,-0.6345433990160624,-0.616570736680712
2018-09-28,1,0,0,1,0.913899838924408,-0.913899838924408,0.0,0.0,1.0,-0.9391766786575317,-0.6525254419871739
2018-09-30,1,0,0,1,0.9041501879692078,-0.9041501879692078,0.0,0.0,1.0,-0.9231322805086771,-0.7645403827939715
2018-10-01,1,0,0,1,0.935260534286499,-0.935260534286499,0.0,0.0,1.0,-0.9177701870600382,-0.7618234242711749
2018-10-02,1,1,0,0,0.4495655298233032,0.4495655298233032,1.0,0.0,0.0,-0.4632817308108012,-0.601053604057857
2018-10-03,1,0,0,1,0.9288927316665648,-0.9288927316665648,0.0,0.0,1.0,-0.47152924537658675,-0.7337525657245091
2018-10-04,1,0,0,1,0.9182936549186708,-0.9182936549186708,0.0,0.0,1.0,-0.46587361892064405,-0.7288968903677804
2018-10-07,1,0,0,1,0.892349123954773,-0.892349123954773,0.0,0.0,1.0,-0.9131785035133362,-0.7204686488424029
2018-10-08,1,0,1,0,0.4988687634468078,0.0,0.0,1.0,0.0,-0.6035475929578145,-0.5899115289960589
2018-10-10,2,0,1,1,0.7501661479473114,-0.2722432017326355,0.0,0.5,0.5,-0.38819744189580274,-0.4996391023908342
2018-10-11,1,0,0,1,0.6423982977867126,-0.6423982977867126,0.0,0.0,1.0,-0.30488049983978266,-0.4578016400337218
2018-10-14,2,0,1,1,0.659166231751442,-0.2240058332681656,0.0,0.5,0.5,-0.37954911092917115,-0.5540261204753602
2018-10-15,1,0,0,1,0.6089468598365784,-0.6089468598365784,0.0,0.0,1.0,-0.4917836636304855,-0.5083195673567907
2018-10-21,3,1,1,1,0.7979620893796285,-0.024363239606221516,0.3333333333333333,0.3333333333333333,0.3333333333333333,-0.28577197757032174,-0.3806152223121551
2018-10-22,1,0,0,1,0.938809335231781,-0.938809335231781,0.0,0.0,1.0,-0.5240398115581936,-0.3872523953517278
2018-10-23,2,0,1,1,0.917661190032959,-0.46015003323555,0.0,0.5,0.5,-0.4744408693578508,-0.4529881143853777
2018-10-24,1,1,0,0,0.6721782684326172,0.6721782684326172,1.0,0.0,0.0,-0.24226036667823792,-0.3180707615046274
2018-10-25,1,0,0,1,0.8314365744590759,-0.8314365744590759,0.0,0.0,1.0,-0.20646944642066953,-0.34507622960067924
2018-10-28,1,0,0,1,0.9540513157844543,-0.9540513157844543,0.0,0.0,1.0,-0.37110320727030427,-0.4493684413887205
2018-10-29,1,0,0,1,0.8838595747947693,-0.8838595747947693,0.0,0.0,1.0,-0.8897824883460999,-0.4886416863827478
2018-10-30,1,0,0,1,0.5742413401603699,-0.5742413401603699,0.0,0.0,1.0,-0.8040507435798645,-0.567195700747626
2018-10-31,1,0,0,1,0.6458398699760437,-0.6458398699760437,0.0,0.0,1.0,-0.7013135949770609,-0.5253429199968064
2018-11-01,1,0,0,1,0.8751397132873535,-0.8751397132873535,0.0,0.0,1.0,-0.698406974474589,-0.5846271600042069
2018-11-02,1,0,1,0,0.9490402936935424,0.0,0.0,1.0,0.0,-0.5069931944211323,-0.6806526269231522
2018-11-04,1,0,0,1,0.9218319654464722,-0.9218319654464722,0.0,0.0,1.0,-0.5989905595779418,-0.693566254207066
2018-11-05,2,0,2,0,0.8126440644264221,0.0,0.0,1.0,0.0,-0.30727732181549067,-0.5572732090950011
2018-11-11,1,0,0,1,0.9559266567230223,-0.9559266567230223,0.0,0.0,1.0,-0.6259195407231647,-0.567568506513323
2018-11-12,1,0,0,1,0.8595160245895386,-0.8595160245895386,0.0,0.0,1.0,-0.6051475604375202,-0.608322032860347
2018-11-13,1,1,0,0,0.5314502716064453,0.5314502716064453,1.0,0.0,0.0,-0.4279974699020384,-0.4401377269199915
2018-11-14,1,0,1,0,0.7455925345420837,0.0,0.0,1.0,0.0,-0.10935525099436434,-0.315117767878941
2018-11-15,1,0,0,1,0.8832708597183228,-0.8832708597183228,0.0,0.0,1.0,-0.11727352937062574,-0.44129931926727284
2018-11-18,1,0,0,1,0.9417007565498352,-0.9417007565498352,0.0,0.0,1.0,-0.6083238720893859,-0.4441377179963247
2018-11-19,2,0,0,2,0.7813284993171692,-0.7813284993171692,0.0,0.0,1.0,-0.868766705195109,-0.5557560750416346
2018-11-20,1,0,0,1,0.9298536777496338,-0.9298536777496338,0.0,0.0,1.0,-0.884294311205546,-0.552031363759722
2018-11-21,2,0,1,1,0.7123901546001434,-0.2950659990310669,0.0,0.5,0.5,-0.6687493920326233,-0.47139564582279736
2018-11-22,2,0,1,1,0.8442906737327576,-0.3797638714313507,0.0,0.5,0.5,-0.5348945160706837,-0.6015690948281968
2018-11-23,1,0,0,1,0.8240878582000732,-0.8240878582000732,0.0,0.0,1.0,-0.4996392428874969,-0.7192959317139216
2018-11-25,2,1,0,1,0.929358035326004,-0.01726511120796198,0.5,0.0,0.5,-0.4070389469464619,-0.59558082478387
2018-11-26,1,0,0,1,0.8953112363815308,-0.8953112363815308,0.0,0.0,1.0,-0.578888068596522,-0.5889537504741122
2018-11-27,1,0,0,1,0.5375497341156006,-0.5375497341156006,0.0,0.0,1.0,-0.4833753605683644,-0.5541282125881739
2018-11-28,1,0,0,1,0.9248747229576112,-0.9248747229576112,0.0,0.0,1.0,-0.7859118978182474,-0.5534169333321707
2018-11-29,1,0,0,1,0.9628201127052308,-0.9628201127052308,0.0,0.0,1.0,-0.8084148565928141,-0.6488103781427654
2018-11-30,1,0,1,0,0.9496567845344543,0.0,0.0,1.0,0.0,-0.6292316118876139,-0.5945583965097153
2018-12-02,1,0,0,1,0.9608888030052184,-0.9608888030052184,0.0,0.0,1.0,-0.6412363052368163,-0.6141013886247361
2018-12-03,2,0,0,2,0.850756049156189,-0.850756049156189,0.0,0.0,1.0,-0.6038816173871356,-0.73317152261734
2018-12-04,1,1,0,0,0.8976584076881409,0.8976584076881409,1.0,0.0,0.0,-0.30466214815775544,-0.4770330020359583
2018-12-05,1,0,0,1,0.965209424495697,-0.965209424495697,0.0,0.0,1.0,-0.3061023553212483,-0.5381272435188292
2018-12-06,1,0,0,1,0.4142481684684753,-0.4142481684684753,0.0,0.0,1.0,-0.16059972842534373,-0.4651805928775241
2018-12-07,1,0,1,0,0.911636769771576,0.0,0.0,1.0,0.0,-0.45981919765472407,-0.3276348624910626
2018-12-09,3,0,2,1,0.8269110520680746,-0.2186167041460673,0.0,0.6666666666666666,0.3333333333333333,-0.2109549575381808,-0.35886582022621505
2018-12-10,1,1,0,0,0.6831212639808655,0.6831212639808655,1.0,0.0,0.0,0.15483485327826613,-0.12400723922820307
2018-12-11,2,0,1,1,0.9460230469703674,-0.4742802381515503,0.0,0.5,0.5,-0.0032585594389173043,-0.0702249805132547
2018-12-12,1,0,0,1,0.7350656390190125,-0.7350656390190125,0.0,0.0,1.0,-0.17540820439656568,-0.30347127289999093
2018-12-13,1,0,0,1,0.6460291743278503,-0.6460291743278503,0.0,0.0,1.0,-0.618458350499471,-0.25787409430458424
2018-12-16,1,1,0,0,0.7506704330444336,0.7506704330444336,1.0,0.0,0.0,-0.21014146010080967,-0.09145715123131153
2018-12-17,2,0,1,1,0.662819892168045,-0.37763267755508423,0.0,0.5,0.5,-0.09099713961283358,-0.14540467659632356
2018-12-18,1,0,0,1,0.911341428756714,-0.911341428756714,0.0,0.0,1.0,-0.17943455775578812,-0.24436535154070166
2018-12-19,2,0,1,1,0.9252928793430328,-0.450208842754364,0.0,0.5,0.5,-0.5797276496887207,-0.40626965250287733
2018-12-20,1,0,0,1,0.8400252461433411,-0.8400252461433411,0.0,0.0,1.0,-0.7338585058848063,-0.4585189393588474
2018-12-23,2,0,1,1,0.7846888601779938,-0.3098261058330536,0.0,0.5,0.5,-0.5333533982435862,-0.39777043461799616
2018-12-24,1,0,0,1,0.9297071099281312,-0.9297071099281312,0.0,0.0,1.0,-0.6931861539681753,-0.43829585398946486
2018-12-25,3,0,2,1,0.9107692639032999,-0.3117205699284871,0.0,0.6666666666666666,0.3333333333333333,-0.5170845952298906,-0.5900659972713107
2018-12-26,3,1,2,0,0.8361738125483195,0.20209266742070517,0.3333333333333333,0.6666666666666666,0.0,-0.34644500414530427,-0.5072480908461979
2018-12-27,1,0,0,1,0.8539115190505981,-0.8539115190505981,0.0,0.0,1.0,-0.32117980718612665,-0.4990438180310385
2018-12-31,1,0,0,1,0.8981404304504395,-0.8981404304504395,0.0,0.0,1.0,-0.5166530940267774,-0.5630340448447636
2019-01-02,1,0,0,1,0.954526424407959,-0.954526424407959,0.0,0.0,1.0,-0.9021927913029989,-0.5793913560254234
2019-01-03,1,0,0,1,0.9230351448059082,-0.9230351448059082,0.0,0.0,1.0,-0.9252339998881022,-0.6669926473072597
2019-01-06,1,0,0,1,0.9578381776809692,-0.9578381776809692,0.0,0.0,1.0,-0.9451332489649454,-0.6710113712719509
2019-01-07,2,1,1,0,0.7749693095684052,0.3012140691280365,0.5,0.5,0.0,-0.5265530844529469,-0.5834492799781617
2019-01-08,2,0,1,1,0.7708673477172852,-0.468898594379425,0.0,0.5,0.5,-0.37517423431078584,-0.6793051745210373
2019-01-09,1,1,0,0,0.800689697265625,0.800689697265625,1.0,0.0,0.0,0.21100172400474557,-0.44293357219014845
2019-01-10,1,1,0,0,0.6911091208457947,0.6911091208457947,1.0,0.0,0.0,0.3409667412439983,-0.21589792200497207
2019-01-13,6,0,4,2,0.9240525464216868,-0.3005478084087372,0.0,0.6666666666666666,0.3333333333333333,0.3970836699008942,-0.12247240543365469
2019-01-14,1,0,0,1,0.4886290729045868,-0.4886290729045868,0.0,0.0,1.0,-0.03268925348917636,-0.060414395162037345
2019-01-15,2,0,2,0,0.8359512090682983,0.0,0.0,1.0,0.0,-0.2630589604377746,0.07641963022095825
2019-01-16,1,0,0,1,0.946231722831726,-0.946231722831726,0.0,0.0,1.0,-0.47828693191210414,-0.10178691148757923
2019-01-17,1,0,0,1,0.9640071392059326,-0.9640071392059326,0.0,0.0,1.0,-0.6367462873458861,-0.17251670360565177
2019-01-20,1,0,0,1,0.9153664112091064,-0.9153664112091064,0.0,0.0,1.0,-0.9418684244155883,-0.4176675762448991
2019-01-21,1,0,0,1,0.9537681341171264,-0.9537681341171264,0.0,0.0,1.0,-0.9443805615107217,-0.6526500412396021
2019-01-22,1,1,0,0,0.4185842871665954,0.4185842871665954,1.0,0.0,0.0,-0.483516752719879,-0.5499168847288403
2019-01-23,1,0,1,0,0.4482952356338501,0.0,0.0,1.0,0.0,-0.17839461565017692,-0.4801127314567565
2019-01-24,1,0,0,1,0.9488877654075624,-0.9488877654075624,0.0,0.0,1.0,-0.17676782608032224,-0.6156681265149796
2019-01-27,1,0,0,1,0.9039567112922668,-0.9039567112922668,0.0,0.0,1.0,-0.6176148255666096,-0.6096288391521999
2019-01-28,1,0,0,1,0.6160020232200623,-0.6160020232200623,0.0,0.0,1.0,-0.8229488333066305,-0.5599138225827898
2019-01-29,1,0,0,1,0.9458903670310974,-0.9458903670310974,0.0,0.0,1.0,-0.8219497005144755,-0.5642743877002171
2019-01-30,1,0,0,1,0.893907368183136,-0.893907368183136,0.0,0.0,1.0,-0.8185999194780985,-0.555722849709647
2019-02-03,1,0,0,1,0.9067519307136536,-0.9067519307136536,0.0,0.0,1.0,-0.9155165553092957,-0.7450565951211111
2019-02-04,2,0,1,1,0.8821196556091309,-0.4774697721004486,0.0,0.5,0.5,-0.7593763569990793,-0.8132665625640323
2019-02-05,2,0,2,0,0.8443652093410492,0.0,0.0,1.0,0.0,-0.4614072342713673,-0.6777111675058091
2019-02-06,3,0,2,1,0.9344751437505087,-0.3125536640485128,0.0,0.6666666666666666,0.3333333333333333,-0.2633411453829871,-0.5932250178995585
2019-02-07,2,0,1,1,0.9163827300071716,-0.43982014060020447,0.0,0.5,0.5,-0.25079126821623904,-0.5680561775252931
2019-02-10,2,0,1,1,0.9054102003574371,-0.44634562730789185,0.0,0.5,0.5,-0.3995731439855363,-0.496692643279121
2019-02-11,1,1,0,0,0.6710216999053955,0.6710216999053955,1.0,0.0,0.0,-0.07171468933423353,-0.2731313478379022
2019-02-12,2,0,1,1,0.9036193490028381,-0.426858514547348,0.0,0.5,0.5,-0.06739414731661471,-0.20457514552842992
2019-02-13,2,0,1,1,0.9304180443286896,-0.4591939449310302,0.0,0.5,0.5,-0.07167691985766084,-0.20196431307565588
2019-02-14,2,0,1,1,0.9481297135353088,-0.4786548316478729,0.0,0.5,0.5,-0.454902430375417,-0.2703435747396377
2019-02-15,1,0,1,0,0.8966889977455139,0.0,0.0,1.0,0.0,-0.31261625885963434,-0.2256930513041359
2019-02-17,1,0,0,1,0.911820352077484,-0.911820352077484,0.0,0.0,1.0,-0.4634917279084523,-0.29312165294374726
2019-02-18,2,0,1,1,0.8895076513290405,-0.42142021656036377,0.0,0.5,0.5,-0.4444135228792825,-0.28956087997981467
2019-02-19,1,1,0,0,0.8470255136489868,0.8470255136489868,1.0,0.0,0.0,-0.1620716849962869,-0.2644174780164445
2019-02-20,3,0,2,1,0.9032526612281799,-0.3155754804611206,0.0,0.6666666666666666,0.3333333333333333,0.036676605542500886,-0.248519901718412
2019-02-21,2,0,2,0,0.720532238483429,0.0,0.0,1.0,0.0,0.17715001106262215,-0.18292076672826485
2019-02-22,1,0,1,0,0.4958936870098114,0.0,0.0,1.0,0.0,-0.10519182682037347,-0.114541505064283
2019-02-26,1,0,0,1,0.8471695184707642,-0.8471695184707642,0.0,0.0,1.0,-0.28238983949025465,-0.2355657219886779
2019-03-05,2,1,1,0,0.6974431723356247,0.22160543501377106,0.5,0.5,0.0,-0.20852136115233097,-0.07364775240421285
2019-03-06,1,0,1,0,0.4959058761596679,0.0,0.0,1.0,0.0,-0.20852136115233097,-0.01344486432416089
2019-03-07,2,1,1,0,0.7558002471923828,0.28696539998054504,0.5,0.5,0.0,0.16952361166477212,-0.09345345199108114
2019-03-10,5,1,1,3,0.7910565614700318,-0.221155047416687,0.2,0.2,0.6,0.02193678418795275,-0.0799648186990192
2019-03-11,1,1,0,0,0.4157000780105591,0.4157000780105591,1.0,0.0,0.0,0.16050347685813912,-0.020579093268939332
2019-03-12,2,1,1,0,0.9131826162338257,0.44202718138694763,0.5,0.5,0.0,0.21219073732693997,0.04256764692919605
2019-03-14,2,0,2,0,0.7241714298725128,0.0,0.0,1.0,0.0,0.2859090864658356,0.16359186385359092
2019-03-17,2,0,1,1,0.4992518573999405,-0.251171737909317,0.0,0.5,0.5,0.06361848115921027,0.0960522677217212
2019-03-18,3,0,2,1,0.8713182608286539,-0.3068702220916748,0.0,0.6666666666666666,0.3333333333333333,-0.1860139866669972,0.052213664565767655
2019-03-19,3,0,2,1,0.9033566315968832,-0.27446486552556354,0.0,0.6666666666666666,0.3333333333333333,-0.27750227517551834,-0.02799065907796214
2019-03-21,3,0,2,1,0.8412808775901794,-0.24356722831726074,0.0,0.6666666666666666,0.3333333333333333,-0.2749674386448329,-0.031192399206615533
2019-03-22,2,0,2,0,0.9283845722675323,0.0,0.0,1.0,0.0,-0.17267736461427466,-0.09057812463669539
2019-03-24,2,0,0,2,0.8824975490570068,-0.8824975490570068,0.0,0.0,1.0,-0.37535492579142243,-0.27979594327154605
2019-03-25,1,0,0,1,0.9181830883026124,-0.9181830883026124,0.0,0.0,1.0,-0.600226879119873,-0.4109649558862049
2019-03-26,3,1,1,1,0.7097888787587484,0.035241544246673584,0.3333333333333333,0.3333333333333333,0.3333333333333333,-0.5884796977043152,-0.3700487727210634
2019-03-27,3,0,2,1,0.8086225390434265,-0.24853102366129556,0.0,0.6666666666666666,0.3333333333333333,-0.37715752257241136,-0.3617146015167236
2019-03-28,2,0,2,0,0.66720150411129,0.0,0.0,1.0,0.0,-0.07109649313820725,-0.3225053350130716
2019-03-29,1,0,1,0,0.9504064917564392,0.0,0.0,1.0,0.0,-0.08284367455376511,-0.2877100166820344
2019-03-31,4,0,3,1,0.9307564496994019,-0.23030732572078705,0.0,0.75,0.25,-0.0767691085735956,-0.32061106321357535
2019-04-02,3,1,2,0,0.7513207097848257,0.14887244502703348,0.3333333333333333,0.6666666666666666,0.0,-0.027144960231251115,-0.17327249263014105
2019-04-03,4,0,3,1,0.9252163022756577,-0.21378794312477112,0.0,0.75,0.25,-0.09840760793950816,-0.07264461474759229
2019-04-04,1,0,0,1,0.8794108033180237,-0.8794108033180237,0.0,0.0,1.0,-0.3147754338052537,-0.20330923582826332
2019-04-07,1,1,0,0,0.4160602390766144,0.4160602390766144,1.0,0.0,0.0,-0.22571283578872672,-0.10836762686570475
2019-04-08,2,0,2,0,0.6633492559194565,0.0,0.0,1.0,0.0,-0.1544501880804697,-0.10836762686570477
2019-04-09,3,0,2,1,0.9366704225540161,-0.30886711676915485,0.0,0.6666666666666666,0.3333333333333333,0.035731040769153254,-0.15249150068986975
2019-04-10,2,1,1,0,0.739710658788681,0.2702231705188751,0.5,0.5,0.0,-0.012881315416759834,-0.08098714408420372
2019-04-11,1,0,1,0,0.8633654713630676,0.0,0.0,1.0,0.0,-0.012881315416759834,-0.10225463623092278
2019-04-16,2,1,1,0,0.7266699075698853,0.2523186504840851,0.5,0.5,0.0,0.1741806070009868,-0.03566798000108618
2019-04-17,5,0,5,0,0.8366288602352142,0.0,0.0,1.0,0.0,0.08410621682802844,0.08996213475863149
2019-04-18,2,1,1,0,0.73135706782341,0.27975231409072876,0.5,0.5,0.0,0.1773569881916047,0.07048957404636212
2019-04-21,1,1,0,0,0.9099785089492798,0.9099785089492798,1.0,0.0,0.0,0.39657694101333624,0.20048650389625924
2019-04-22,2,0,2,0,0.7410340011119843,0.0,0.0,1.0,0.0,0.39657694101333624,0.2446103777204242
2019-04-23,1,1,0,0,0.7147088646888733,0.7147088646888733,1.0,0.0,0.0,0.5415624578793844,0.308108334030424
2019-04-24,1,1,0,0,0.6799737811088562,0.6799737811088562,1.0,0.0,0.0,0.4648942152659099,0.40524744561740345
2019-04-25,2,1,1,0,0.7899087369441986,0.3161796033382416,0.5,0.5,0.0,0.5702874163786571,0.4143704388822829
2019-04-28,2,1,1,0,0.7394428253173828,0.2664974629878998,0.5,0.5,0.0,0.42088361581166595,0.45244150502341146
2019-04-29,1,0,0,1,0.8340504169464111,-0.8340504169464111,0.0,0.0,1.0,-0.08379111687342318,0.2933268291609629
2019-04-30,1,0,0,1,0.8256286382675171,-0.8256286382675171,0.0,0.0,1.0,-0.4643938640753427,0.045382950987134754
2019-05-02,2,0,1,1,0.8082258105278015,-0.3297165036201477,0.0,0.5,0.5,-0.6631318529446919,-0.0017194066728863447
2019-05-05,3,1,1,1,0.8117297093073527,-0.0832263429959615,0.3333333333333333,0.3333333333333333,0.3333333333333333,-0.41285716162787534,-0.11571015062786275
2019-05-06,1,1,0,0,0.5906155705451965,0.5906155705451965,1.0,0.0,0.0,0.059224241309695835,-0.1284756092798141
2019-05-08,1,0,1,0,0.9223209619522096,0.0,0.0,1.0,0.0,0.16912974251641175,-0.17364412404242005
2019-05-09,1,0,1,0,0.9421901106834412,0.0,0.0,1.0,0.0,0.19687185684839892,-0.2117151901835486
2019-05-12,3,1,2,0,0.7809509038925171,0.17009979486465454,0.3333333333333333,0.6666666666666666,0.0,0.05669993162155159,-0.06826515992482494
2019-05-13,2,0,2,0,0.812865138053894,0.0,0.0,1.0,0.0,0.05669993162155159,0.04968178839910607
2019-05-14,1,0,1,0,0.6643697619438171,0.0,0.0,1.0,0.0,0.05669993162155159,0.09678414605912718
2019-05-16,3,0,1,2,0.7355738679567972,-0.4235660632451375,0.0,0.3333333333333333,0.6666666666666666,-0.1411886877483791,0.048164186023530606
2019-05-19,2,0,1,1,0.8371725976467133,-0.3624297082424164,0.0,0.5,0.5,-0.2619985904958512,-0.08798513951755695
2019-05-20,3,0,1,2,0.8222365379333496,-0.5032027761141459,0.0,0.3333333333333333,0.6666666666666666,-0.42973284920056654,-0.1598712503910064
2019-05-21,2,0,1,1,0.9108463227748871,-0.43415066599845886,0.0,0.5,0.5,-0.4332610501183403,-0.22189277410507194
2019-05-22,1,1,0,0,0.4181030988693237,0.4181030988693237,1.0,0.0,0.0,-0.1730834477477603,-0.18646373067583347
2019-05-23,1,0,0,1,0.612040638923645,-0.612040638923645,0.0,0.0,1.0,-0.20936273535092664,-0.2738981076649256
2019-05-26,2,0,1,1,0.7458126842975616,-0.40595489740371704,0.0,0.5,0.5,-0.19996414581934605,-0.33189166443688517
2019-05-27,3,1,2,0,0.7963578303654989,0.19296054045359293,0.3333333333333333,0.6666666666666666,0.0,-0.2750116652912563,-0.24381643533706657
2019-05-28,4,1,3,0,0.6572373658418655,0.13785867393016815,0.25,0.75,0.0,-0.02504522767331858,-0.17234666645526878
2019-05-29,1,0,1,0,0.6801207661628723,0.0,0.0,1.0,0.0,0.11027307146125376,-0.10046055558181935
2019-05-30,1,0,1,0,0.4020426273345947,0.0,0.0,1.0,0.0,0.045952891310056115,-0.038439031867753805
2019-06-02,4,0,3,1,0.9325567036867142,-0.21857473254203796,0.0,0.75,0.25,-0.07285824418067925,-0.1293930077836626
2019-06-03,1,0,0,1,0.9405369758605956,-0.9405369758605956,0.0,0.0,1.0,-0.3863705694675445,-0.1763210559175127
2019-06-04,2,0,1,1,0.9322074055671692,-0.4637818038463592,0.0,0.5,0.5,-0.5409645040829975,-0.18458204255217583
2019-06-06,3,0,0,3,0.7789879043896993,-0.7789879043896993,0.0,0.0,1.0,-0.7277688946988846,-0.3234318203869319
2019-06-07,2,0,2,0,0.9521057307720184,0.0,0.0,1.0,0.0,-0.41425656941201944,-0.3431259166626702
2019-06-10,6,0,4,2,0.9230311711629232,-0.29447003205617267,0.0,0.6666666666666666,0.3333333333333333,-0.35781931214862395,-0.38519306409926635
2019-06-11,5,0,5,0,0.917200756072998,0.0,0.0,1.0,0.0,-0.09815667735205748,-0.38519306409926635
2019-06-12,1,0,0,1,0.9041065573692322,-0.9041065573692322,0.0,0.0,1.0,-0.39952552980846817,-0.48312618193172263
2019-06-13,1,0,0,1,0.9439706206321716,-0.9439706206321716,0.0,0.0,1.0,-0.6160257260004679,-0.48361670261337636
2019-06-14,1,0,1,0,0.9198916554450988,0.0,0.0,1.0,0.0,-0.6160257260004679,-0.4173621592067536
2019-06-16,1,0,0,1,0.9386001229286194,-0.9386001229286194,0.0,0.0,1.0,-0.6275235811869303,-0.44016390471231365
2019-06-17,3,0,2,1,0.8131871223449707,-0.289426585038503,0.0,0.6666666666666666,0.3333333333333333,-0.4093422359890407,-0.48151055971781404
2019-06-18,3,0,2,1,0.899563709894816,-0.27378763755162555,0.0,0.6666666666666666,0.3333333333333333,-0.5006047818395826,-0.4785559319314502
2019-06-19,2,0,0,2,0.6510889530181885,-0.6510889530181885,0.0,0.0,1.0,-0.4047677252027723,-0.5715686395054771
2019-06-20,1,0,1,0,0.8368380069732666,0.0,0.0,1.0,0.0,-0.30829219685660464,-0.44241055988130107
2019-06-23,4,0,3,1,0.8203966021537781,-0.1770147979259491,0.0,0.75,0.25,-0.2760345836480458,-0.3328454423518407
2019-06-24,3,0,3,0,0.7888480623563131,0.0,0.0,1.0,0.0,-0.059004932641982956,-0.3328454423518407
2019-06-26,1,0,0,1,0.8472832441329956,-0.8472832441329956,0.0,0.0,1.0,-0.3414326806863148,-0.3198001739524659
2019-06-27,2,0,1,1,0.6170584708452225,-0.2269180864095688,0.0,0.5,0.5,-0.35806711018085474,-0.3108703884340467
2019-06-28,1,0,0,1,0.9568077325820924,-0.9568077325820924,0.0,0.0,1.0,-0.6770030210415522,-0.40844468772411335
2019-06-30,3,0,2,1,0.9160215059916178,-0.3188646634419759,0.0,0.6666666666666666,0.3333333333333333,-0.5008634941445457,-0.36098407492751156
2019-07-01,2,0,1,1,0.8752411305904388,-0.3992462754249573,0.0,0.5,0.5,-0.5583062238163418,-0.4180192571310769
2019-07-02,4,0,4,0,0.7910542190074921,0.0,0.0,1.0,0.0,-0.2393703129556443,-0.3927314288559413
2019-07-07,3,0,3,0,0.8537534276644388,0.0,0.0,1.0,0.0,-0.133082091808319,-0.3927314288559413
2019-07-08,4,0,3,1,0.9127611368894577,-0.2346179485321045,0.0,0.75,0.25,-0.07820598284403475,-0.30520781519867113
2019-07-09,3,0,3,0,0.7643112738927206,0.0,0.0,1.0,0.0,-0.07820598284403475,-0.2727909457115899
2019-07-10,1,0,0,1,0.7687790393829346,-0.7687790393829346,0.0,0.0,1.0,-0.33446566263834626,-0.24592970382599594
2019-07-11,3,0,2,1,0.9291648268699646,-0.29339412848154706,0.0,0.6666666666666666,0.3333333333333333,-0.3540577226214938,-0.24229105597450612
2019-07-14,4,0,4,0,0.8423319607973099,0.0,0.0,1.0,0.0,-0.3540577226214938,-0.1852558737709408
2019-07-15,1,0,1,0,0.6155967116355896,0.0,0.0,1.0,0.0,-0.09779804282718228,-0.1852558737709408
2019-07-16,3,0,3,0,0.8305798172950745,0.0,0.0,1.0,0.0,0.0,-0.1852558737709408
2019-07-17,2,0,2,0,0.7511158585548401,0.0,0.0,1.0,0.0,0.0,-0.15173902398064015
2019-07-18,2,1,0,1,0.8090160191059113,-0.03202781081199646,0.5,0.0,0.5,-0.010675936937332079,-0.15631442552521108
2019-07-19,2,0,2,0,0.9471229910850525,0.0,0.0,1.0,0.0,-0.010675936937332079,-0.04648884847050612
2019-07-21,1,0,0,1,0.5303153395652771,-0.5303153395652771,0.0,0.0,1.0,-0.18744771679242445,-0.08033473576818184
2019-07-22,2,0,2,0,0.6794881820678711,0.0,0.0,1.0,0.0,-0.1767717798550923,-0.08033473576818184
2019-07-23,1,0,1,0,0.608814001083374,0.0,0.0,1.0,0.0,-0.1767717798550923,-0.08033473576818184
2019-07-24,4,0,3,1,0.8080248236656189,-0.09926874935626982,0.0,0.75,0.25,-0.03308958311875653,-0.0945159856762204
2019-07-25,1,0,0,1,0.8873052597045898,-0.8873052597045898,0.0,0.0,1.0,-0.3288580030202865,-0.2212738799197332
2019-07-28,3,0,1,2,0.8502842982610067,-0.5452843109766642,0.0,0.3333333333333333,0.6666666666666666,-0.5106194400125079,-0.2945962370861143
2019-07-29,1,1,0,0,0.4260565638542175,0.4260565638542175,1.0,0.0,0.0,-0.3355110022756788,-0.233731013678369
2019-07-30,2,0,2,0,0.6723912954330444,0.0,0.0,1.0,0.0,-0.03974258237414883,-0.15797167945475796
2019-07-31,1,1,0,0,0.5824140310287476,0.5824140310287476,1.0,0.0,0.0,0.33615686496098846,-0.07476967502207975
2019-08-01,2,0,1,1,0.7840405106544495,-0.34648483991622925,0.0,0.5,0.5,0.07864306370417284,-0.12426750929582678
2019-08-02,1,0,1,0,0.8645221590995789,0.0,0.0,1.0,0.0,0.07864306370417286,-0.11008625938778824
2019-08-04,2,0,1,1,0.7804760038852692,-0.3024688959121704,0.0,0.5,0.5,-0.2163179119427998,-0.0265382074174426
2019-08-05,2,0,1,1,0.893900990486145,-0.41752561926841736,0.0,0.5,0.5,-0.23999817172686252,-0.00828696574483591
2019-08-06,2,0,1,1,0.9441451132297516,-0.4681335091590882,0.0,0.5,0.5,-0.3960426747798919,-0.13602840474673672
2019-08-07,2,0,2,0,0.8079257607460022,0.0,0.0,1.0,0.0,-0.2952197094758351,-0.13602840474673672
2019-08-08,1,0,0,1,0.911325216293335,-0.911325216293335,0.0,0.0,1.0,-0.4598195751508076,-0.34941972579274855
2019-08-11,3,0,1,2,0.8149391810099283,-0.5107452074686686,0.0,0.3333333333333333,0.6666666666666666,-0.47402347458733446,-0.3728854925859541
2019-08-12,1,0,1,0,0.4570192396640777,0.0,0.0,1.0,0.0,-0.47402347458733446,-0.3728854925859541
2019-08-13,3,0,2,1,0.862167477607727,-0.29720038175582886,0.0,0.6666666666666666,0.3333333333333333,-0.26931519640816576,-0.37213284770647675
2019-08-14,2,0,1,1,0.936490386724472,-0.4693087041378021,0.0,0.5,0.5,-0.25550302863121027,-0.379530431259246
2019-08-18,2,0,1,1,0.9194261133670807,-0.4503207802772522,0.0,0.5,0.5,-0.4056099553902943,-0.376985755704698
2019-08-19,1,0,1,0,0.5464068651199341,0.0,0.0,1.0,0.0,-0.3065431614716847,-0.376985755704698
2019-08-20,2,0,1,1,0.7949354648590088,-0.321917325258255,0.0,0.5,0.5,-0.257412701845169,-0.2927846284139723
2019-08-21,4,0,3,1,0.6799720451235771,-0.1854182481765747,0.0,0.75,0.25,-0.16911185781160984,-0.24630934851510178
2019-08-22,2,0,0,2,0.6278130561113358,-0.6278130561113358,0.0,0.0,1.0,-0.37838287651538843,-0.3359969279595783
2019-08-23,2,0,1,1,0.9530139267444611,-0.4774506986141205,0.0,0.5,0.5,-0.4302273343006769,-0.36174697322504856
2019-08-25,5,1,2,2,0.8595266580581665,-0.10910261869430542,0.2,0.4,0.4,-0.40478879113992045,-0.3102889610188347
2019-08-26,4,0,3,1,0.949396550655365,-0.23666077852249146,0.0,0.75,0.25,-0.2744046986103057,-0.27976610362529747
2019-08-27,4,1,3,0,0.7890917509794235,0.17156171798706055,0.25,0.75,0.0,-0.05806722640991204,-0.2552572867700031
2019-08-28,1,0,0,1,0.9311444759368896,-0.9311444759368896,0.0,0.0,1.0,-0.33208117882410676,-0.3422897368669509
2019-08-29,2,0,1,1,0.8810603618621826,-0.4111326038837433,0.0,0.5,0.5,-0.39023845394452406,-0.37453464482511784
2019-08-30,3,1,1,1,0.7788327137629191,0.006219625473022498,0.3333333333333333,0.3333333333333333,0.3333333333333333,-0.44535248478253675,-0.2839585474559238
2019-09-01,1,0,0,1,0.8094963431358337,-0.8094963431358337,0.0,0.0,1.0,-0.40480310718218476,-0.33139363953045425
2019-09-02,3,2,0,1,0.8996719320615133,0.2652822931607564,0.6666666666666666,0.0,0.3333333333333333,-0.17933147483401823,-0.2779100806940169
2019-09-03,3,1,2,0,0.6577649712562561,0.2983003457387288,0.3333333333333333,0.6666666666666666,0.0,-0.08197123474544943,-0.20148706294241395
2019-09-04,5,1,4,0,0.8457978069782257,0.09781022667884826,0.2,0.8,0.0,0.22046428852611122,-0.2120229902721586
2019-09-05,2,0,1,1,0.8641372323036194,-0.4080137014389038,0.0,0.5,0.5,-0.003967709673775503,-0.13729002248673203
2019-09-06,4,0,4,0,0.9394426047801971,0.0,0.0,1.0,0.0,-0.10340115825335178,-0.078556793360483
2019-09-08,2,0,0,2,0.9473229050636292,-0.9473229050636292,0.0,0.0,1.0,-0.45177886883417756,-0.21477715486571894
2019-09-09,1,0,0,1,0.9280375242233276,-0.9280375242233276,0.0,0.0,1.0,-0.6251201430956522,-0.2317116093067895
2019-09-10,1,0,0,1,0.8911561369895935,-0.8911561369895935,0.0,0.0,1.0,-0.9221721887588501,-0.3969170993282681
2019-09-11,1,0,0,1,0.9471762776374816,-0.9471762776374816,0.0,0.0,1.0,-0.9221233129501342,-0.5748423312391553
2019-09-12,2,0,1,1,0.9575870931148529,-0.4812275767326355,0.0,0.5,0.5,-0.7731866637865701,-0.6575620174407958
2019-09-15,1,0,0,1,0.95869380235672,-0.95869380235672,0.0,0.0,1.0,-0.7956992189089456,-0.736230603286198
2019-09-16,2,0,0,2,0.8493830859661102,-0.8493830859661102,0.0,0.0,1.0,-0.7631014883518218,-0.8575710441384995
2019-09-17,1,0,1,0,0.7447421550750732,0.0,0.0,1.0,0.0,-0.6026922961076099,-0.7222392005579811
2019-09-18,1,1,0,0,0.6468567848205566,0.6468567848205566,1.0,0.0,0.0,-0.06750876704851778,-0.4972542992659976
2019-09-19,3,0,2,1,0.9178395867347717,-0.29499465227127075,0.0,0.6666666666666666,0.3333333333333333,0.1172873775164287,-0.4120883728776658
2019-09-22,2,0,0,2,0.8107973039150238,-0.8107973039150238,0.0,0.0,1.0,-0.1529783904552459,-0.3926056623458861
2019-09-23,2,1,0,1,0.6582832485437393,-0.1692980378866196,0.5,0.0,0.5,-0.42502999802430463,-0.3480442996535981
2019-09-24,2,0,1,1,0.9525344669818878,-0.4758906364440918,0.0,0.5,0.5,-0.485328659415245,-0.27907241880893696
2019-09-25,3,0,2,1,0.8611997167269388,-0.3210347096125285,0.0,0.6666666666666666,0.3333333333333333,-0.32207446131441325,-0.20359407932985385
2019-09-26,3,0,1,2,0.7862078547477722,-0.5270827015240988,0.0,0.3333333333333333,0.6666666666666666,-0.44133601586023957,-0.27889160811901087
2019-09-27,1,0,0,1,0.8728820085525513,-0.8728820085525513,0.0,0.0,1.0,-0.5736664732297261,-0.4959971500294548
2019-09-29,2,0,1,1,0.8889998197555542,-0.4648509323596954,0.0,0.5,0.5,-0.6216052141454483,-0.5202623328992299
2019-09-30,2,1,1,0,0.7655874490737915,0.3282270133495331,0.5,0.5,0.0,-0.3365019758542378,-0.3575445732900074
2019-10-01,2,0,2,0,0.9492720365524292,0.0,0.0,1.0,0.0,-0.04554130633672069,-0.3333591393062046
2019-10-02,1,0,0,1,0.5436460971832275,-0.5436460971832275,0.0,0.0,1.0,-0.07180636127789808,-0.34303849084036686
2019-10-03,2,1,1,0,0.7331556677818298,0.26048752665519714,0.5,0.5,0.0,-0.09438619017601006,-0.25996388565926315
2019-10-04,1,0,0,1,0.8179401159286499,-0.8179401159286499,0.0,0.0,1.0,-0.36703289548556,-0.3015149448599133
2019-10-14,2,0,1,1,0.943668395280838,-0.4745703637599945,0.0,0.5,0.5,-0.344007651011149,-0.2446132813181195
2019-10-15,2,1,1,0,0.7333144545555115,0.2809237241744995,0.5,0.5,0.0,-0.33719558517138154,-0.13807404467037737
2019-10-17,2,0,1,1,0.7479815185070038,-0.3042651414871216,0.0,0.5,0.5,-0.1659705936908721,-0.22843006678989947
2019-10-18,2,0,0,2,0.6932263970375061,-0.6932263970375061,0.0,0.0,1.0,-0.23885593811670933,-0.32746240922382885
2019-10-20,3,0,2,1,0.8940848310788473,-0.30819398164749146,0.0,0.6666666666666666,0.3333333333333333,-0.4352285067240396,-0.29382639271872374
2019-10-21,2,0,0,2,0.7999102473258972,-0.7999102473258972,0.0,0.0,1.0,-0.6004435420036315,-0.4453117890017372
2019-10-22,2,0,1,1,0.7105841189622879,-0.23362664878368375,0.0,0.5,0.5,-0.44724362591902406,-0.36183843655245634
2019-10-23,2,0,2,0,0.8004321753978729,0.0,0.0,1.0,0.0,-0.3445122987031936,-0.29404267030102854
2019-10-24,1,1,0,0,0.554099977016449,0.554099977016449,1.0,0.0,0.0,0.10682444274425514,-0.25501749132360724
2019-10-25,1,0,1,0,0.8606996536254883,0.0,0.0,1.0,0.0,0.1846999923388164,-0.2115510425397327
2019-10-31,2,0,2,0,0.6989658623933792,0.0,0.0,1.0,0.0,0.1846999923388164,-0.11251870010580325
2019-11-03,1,0,0,1,0.94814270734787,-0.94814270734787,0.0,0.0,1.0,-0.3160475691159566,-0.20393994663442877
2019-11-04,1,1,0,0,0.4993764758110046,0.4993764758110046,1.0,0.0,0.0,-0.14958874384562174,-0.018327557614871363
2019-11-05,1,0,0,1,0.8832128047943115,-0.8832128047943115,0.0,0.0,1.0,-0.44399301211039227,-0.11112557990210391
2019-11-06,2,0,1,1,0.797272115945816,-0.4517425894737244,0.0,0.5,0.5,-0.27852630615234375,-0.17566023554120738
2019-11-07,2,0,1,1,0.9006962776184082,-0.4289382994174957,0.0,0.5,0.5,-0.5879645645618439,-0.3160942750317709
2019-11-08,1,0,0,1,0.8603939414024353,-0.8603939414024353,0.0,0.0,1.0,-0.5803582767645518,-0.4390076952321188
2019-11-11,4,1,3,0,0.8255851194262505,0.11641917377710342,0.25,0.75,0.0,-0.3909710223476092,-0.42237638469253264
2019-11-12,1,0,0,1,0.9049252271652222,-0.9049252271652222,0.0,0.0,1.0,-0.5496333315968513,-0.41620245895215435
2019-11-13,1,0,0,1,0.83124840259552,-0.83124840259552,0.0,0.0,1.0,-0.5399181519945463,-0.6062917272959437
2019-11-14,1,0,1,0,0.6403651833534241,0.0,0.0,1.0,0.0,-0.5787245432535807,-0.4801184694681848
2019-11-15,3,0,2,1,0.7982695897420248,-0.1645160714785258,0.0,0.6666666666666666,0.3333333333333333,-0.33192149135801524,-0.43908610975458495
2019-11-17,2,0,0,2,0.8720705509185791,-0.8720705509185791,0.0,0.0,1.0,-0.34552887413236827,-0.5023907171118825
2019-11-18,2,0,1,1,0.8403541743755341,-0.36840975284576416,0.0,0.5,0.5,-0.4683321250809563,-0.43210726160378676
2019-11-19,1,0,0,1,0.8312487006187439,-0.8312487006187439,0.0,0.0,1.0,-0.6905763347943624,-0.5674883865174792
2019-11-20,1,0,0,1,0.950287103652954,-0.950287103652954,0.0,0.0,1.0,-0.716648519039154,-0.5739686545871552
2019-11-21,1,0,0,1,0.8422467112541199,-0.8422467112541199,0.0,0.0,1.0,-0.8745941718419393,-0.5755398415383838
2019-11-24,1,0,0,1,0.9489130973815918,-0.9489130973815918,0.0,0.0,1.0,-0.9138156374295553,-0.7110988554500397
2019-11-25,2,0,1,1,0.7419449090957642,-0.29434934258461,0.0,0.5,0.5,-0.6951697170734406,-0.7296464656080517
2019-11-26,1,0,0,1,0.9242815971374512,-0.9242815971374512,0.0,0.0,1.0,-0.722514679034551,-0.7371051864964621
2019-11-27,2,0,2,0,0.7858100235462189,0.0,0.0,1.0,0.0,-0.40621031324068707,-0.6844752218042099
2019-11-29,1,0,0,1,0.8217363357543945,-0.8217363357543945,0.0,0.0,1.0,-0.5820059776306152,-0.6831163125378744
2019-12-01,1,0,1,0,0.4786626398563385,0.0,0.0,1.0,0.0,-0.27391211191813153,-0.5473610120160238
2019-12-02,1,0,0,1,0.6879297494888306,-0.6879297494888306,0.0,0.0,1.0,-0.5032220284144083,-0.5253157317638396
2019-12-03,2,0,2,0,0.8274568319320679,0.0,0.0,1.0,0.0,-0.22930991649627686,-0.38975671785218363
2019-12-04,2,1,1,0,0.8836939334869385,0.418249249458313,0.5,0.5,0.0,-0.08989350001017253,-0.2879569189889089
2019-12-05,1,1,0,0,0.8119133710861206,0.8119133710861206,1.0,0.0,0.0,0.41005420684814453,-0.03992906638554155
2019-12-06,1,0,1,0,0.8119447231292725,0.0,0.0,1.0,0.0,0.41005420684814453,-0.03992906638554155
2019-12-08,2,0,2,0,0.811291515827179,0.0,0.0,1.0,0.0,0.2706377903620402,0.0774618387222291
2019-12-09,4,0,3,1,0.7850579023361206,-0.18286357820034027,0.0,0.75,0.25,-0.06095452606678009,0.05133847040789478
2019-12-10,3,0,3,0,0.9472682674725851,0.0,0.0,1.0,0.0,-0.06095452606678009,0.14961414890629915
2019-12-11,2,0,2,0,0.7133074402809143,0.0,0.0,1.0,0.0,-0.06095452606678009,0.14961414890629915
2019-12-12,2,0,2,0,0.7238941937685013,0.0,0.0,1.0,0.0,0.0,0.08986425612654014
2019-12-13,2,0,2,0,0.9045024514198303,0.0,0.0,1.0,0.0,0.0,-0.02612336831433423
2019-12-15,2,0,2,0,0.6698308885097504,0.0,0.0,1.0,0.0,0.0,-0.02612336831433423
2019-12-16,6,0,4,2,0.9232346216837567,-0.29458026091257733,0.0,0.6666666666666666,0.3333333333333333,-0.09819342030419244,-0.0682062627304167
2019-12-18,2,0,0,2,0.8813962340354919,-0.8813962340354919,0.0,0.0,1.0,-0.3919921649826898,-0.16799664213543838
2019-12-19,3,0,2,1,0.9216342171033224,-0.2874203721682231,0.0,0.6666666666666666,0.3333333333333333,-0.4877989557054308,-0.2090566953023274
2019-12-20,5,0,4,1,0.8835663557052612,-0.1250222444534302,0.0,0.8,0.2,-0.4312796168857151,-0.2269170159385317
2019-12-22,1,0,1,0,0.6820482015609741,0.0,0.0,1.0,0.0,-0.13748087220721775,-0.2269170159385317
2019-12-24,2,0,1,1,0.8409048318862915,-0.3687813878059387,0.0,0.5,0.5,-0.16460121075312298,-0.2796000713393801
2019-12-25,3,0,3,0,0.7863357067108154,0.0,0.0,1.0,0.0,-0.12292712926864624,-0.2796000713393801
2019-12-26,1,0,1,0,0.5626022815704346,0.0,0.0,1.0,0.0,-0.12292712926864624,-0.2375171769232976
2019-12-27,1,0,1,0,0.8683505058288574,0.0,0.0,1.0,0.0,0.0,-0.11160342920394162
2019-12-29,1,0,0,1,0.8998029232025146,-0.8998029232025146,0.0,0.0,1.0,-0.29993430773417157,-0.19908665078026896
2019-12-30,1,1,0,0,0.5898045301437378,0.5898045301437378,1.0,0.0,0.0,-0.10333279768625896,-0.0969685401235307
2019-12-31,1,0,0,1,0.557161271572113,-0.557161271572113,0.0,0.0,1.0,-0.28905322154362995,-0.17656300749097542
2020-01-01,2,0,1,1,0.6658194959163666,-0.39293020963668823,0.0,0.5,0.5,-0.12009565035502116,-0.1800128391810825
2020-01-02,2,0,1,1,0.8140106201171875,-0.4663948118686676,0.0,0.5,0.5,-0.4721620976924896,-0.246640669448035
2020-01-07,1,1,0,0,0.5921477675437927,0.5921477675437927,1.0,0.0,0.0,-0.08905908465385437,-0.1620481312274932
2020-01-08,1,0,1,0,0.4551615417003631,0.0,0.0,1.0,0.0,0.041917651891708374,-0.1620481312274932
2020-01-13,1,0,0,1,0.3721528053283691,-0.3721528053283691,0.0,0.0,1.0,0.07333165407180788,-0.08666954295975812
2020-01-14,1,0,0,1,0.8572571873664856,-0.8572571873664856,0.0,0.0,1.0,-0.4098033308982849,-0.29339264546121857
2020-01-16,1,1,0,0,0.9130570888519288,0.9130570888519288,1.0,0.0,0.0,-0.10545096794764197,-0.0833614511149269
2020-01-19,1,1,0,0,0.8330631256103516,0.8330631256103516,1.0,0.0,0.0,0.2962876756985982,0.09178045392036449
2020-01-20,3,0,2,1,0.8963934381802877,-0.28416550159454346,0.0,0.6666666666666666,0.3333333333333333,0.4873182376225789,0.11781321253095367
2020-01-21,1,0,1,0,0.8224758505821228,0.0,0.0,1.0,0.0,0.182965874671936,0.033220674310411834
2020-01-22,2,0,1,1,0.8569392561912537,-0.39960163831710815,0.0,0.5,0.5,-0.22792237997055056,-0.023865274020603615
2020-01-23,2,0,0,2,0.8021031618118286,-0.8021031618118286,0.0,0.0,1.0,-0.40056826670964557,-0.0852867535182407
2020-01-24,2,0,2,0,0.6641252636909485,0.0,0.0,1.0,0.0,-0.40056826670964557,0.03717855896268581
2020-01-26,1,0,0,1,0.9588179588317872,-0.9588179588317872,0.0,0.0,1.0,-0.5869737068812053,-0.2302321621349879
2020-01-27,2,1,0,1,0.8734526336193085,-0.0019319355487823486,0.5,0.0,0.5,-0.32024996479352325,-0.349517170872007
2020-01-28,2,0,2,0,0.7410095632076263,0.0,0.0,1.0,0.0,-0.32024996479352325,-0.3089220992156437
2020-01-29,1,0,0,1,0.9173906445503236,-0.9173906445503236,0.0,0.0,1.0,-0.30644086003303533,-0.4399779055799756
2020-01-30,1,0,1,0,0.5647669434547424,0.0,0.0,1.0,0.0,-0.3057968815167746,-0.38289195724896014
2020-01-31,2,0,2,0,0.9163902699947357,0.0,0.0,1.0,0.0,-0.3057968815167746,-0.2683057912758418
2020-02-01,1,1,0,0,0.6408977508544922,0.6408977508544922,1.0,0.0,0.0,0.21363258361816403,-0.17674896972520004
2020-02-02,2,0,2,0,0.6816366016864777,0.0,0.0,1.0,0.0,0.21363258361816403,-0.03977497560637332
2020-02-03,2,0,2,0,0.8613871932029724,0.0,0.0,1.0,0.0,0.21363258361816403,-0.03949898481369012
2020-02-04,1,0,0,1,0.8138357400894165,-0.8138357400894165,0.0,0.0,1.0,-0.27127858002980554,-0.15576123339789247
2020-02-05,2,0,2,0,0.8831675052642822,0.0,0.0,1.0,0.0,-0.27127858002980554,-0.02470542703356054
2020-02-06,1,0,0,1,0.963204562664032,-0.963204562664032,0.0,0.0,1.0,-0.5923467675844828,-0.16230607884270798
2020-02-07,2,0,2,0,0.7520597875118256,0.0,0.0,1.0,0.0,-0.32106818755467736,-0.16230607884270798
2020-02-09,2,0,1,1,0.9417011439800262,-0.4764151871204376,0.0,0.5,0.5,-0.47987324992815655,-0.32192221283912653
2020-02-10,2,0,2,0,0.6050084680318832,0.0,0.0,1.0,0.0,-0.15880506237347924,-0.32192221283912653
2020-02-11,1,0,1,0,0.5237774848937988,0.0,0.0,1.0,0.0,-0.15880506237347924,-0.32192221283912653
2020-02-12,2,0,2,0,0.7306642830371857,0.0,0.0,1.0,0.0,0.0,-0.20565996425492417
2020-02-13,1,0,0,1,0.54066401720047,-0.54066401720047,0.0,0.0,1.0,-0.18022133906682336,-0.28289768099784846
2020-02-14,1,0,1,0,0.8179532885551453,0.0,0.0,1.0,0.0,-0.18022133906682336,-0.14529702918870102
2020-02-16,1,0,1,0,0.6659175157546997,0.0,0.0,1.0,0.0,-0.18022133906682336,-0.14529702918870102
2020-02-17,2,0,2,0,0.744097501039505,0.0,0.0,1.0,0.0,0.0,-0.0772377167429242
2020-02-18,2,0,1,1,0.7568133771419525,-0.2804710865020752,0.0,0.5,0.5,-0.09349036216735844,-0.11730501481464924
2020-02-19,1,1,0,0,0.4355304837226867,0.4355304837226867,1.0,0.0,0.0,0.0516864657402038,-0.055086374282836845
2020-02-20,2,0,2,0,0.8810804486274719,0.0,0.0,1.0,0.0,0.0516864657402038,-0.055086374282836845
2020-02-22,1,0,1,0,0.9084170460700988,0.0,0.0,1.0,0.0,0.1451768279075622,0.022151342460087438
2020-02-23,3,1,2,0,0.8582435051600138,0.23551740248998007,0.3333333333333333,0.6666666666666666,0.0,0.07850580082999332,0.05579668567294173
2020-02-24,3,0,2,1,0.8030492067337036,-0.18625181913375854,0.0,0.6666666666666666,0.3333333333333333,0.01642186111874047,0.029189282939547655
2020-02-25,2,0,2,0,0.7126815915107727,0.0,0.0,1.0,0.0,0.01642186111874047,0.029189282939547655
2020-02-26,2,2,0,0,0.7619791030883789,0.7619791030883789,1.0,0.0,0.0,0.19190909465154007,0.17811073859532683
2020-02-27,1,1,0,0,0.7512332797050476,0.7512332797050476,1.0,0.0,0.0,0.5044041275978088,0.22321113802137837
2020-02-28,1,0,1,0,0.9112409353256226,0.0,0.0,1.0,0.0,0.5044041275978088,0.22321113802137837
2020-03-01,3,0,2,1,0.942409614721934,-0.30996499458948773,0.0,0.6666666666666666,0.3333333333333333,0.14708942837185326,0.1789304245085944
2020-03-02,2,0,1,1,0.9430054128170013,-0.4759484827518463,0.0,0.5,0.5,-0.26197115911377805,0.07729244090261922
2020-03-03,4,1,1,2,0.6062295138835907,-0.22722385823726654,0.25,0.25,0.5,-0.33771244519286686,0.07143929245926094
2020-03-04,3,0,2,1,0.9516543745994568,-0.31710356473922735,0.0,0.6666666666666666,0.3333333333333333,-0.3400919685761134,0.026138783210799876
2020-03-05,2,0,1,1,0.9110372960567474,-0.4362024664878845,0.0,0.5,0.5,-0.32684329648812616,-0.14503001244295202
2020-03-10,3,0,0,3,0.7592100103696188,-0.7592100103696188,0.0,0.0,1.0,-0.5041720138655769,-0.36080762531076155
2020-03-11,1,1,0,0,0.4726808667182922,0.4726808667182922,1.0,0.0,0.0,-0.24091053671307047,-0.29328178720814835
2020-03-12,3,0,2,1,0.9266746838887533,-0.29746391375859577,0.0,0.6666666666666666,0.3333333333333333,-0.19466435246997416,-0.2914959185180209
2020-03-13,2,0,1,1,0.7204403281211853,-0.25300300121307373,0.0,0.5,0.5,-0.02592868275112581,-0.259646564012482
2020-03-15,2,0,1,1,0.9016446173191071,-0.4292680323123932,0.0,0.5,0.5,-0.32657831576135427,-0.2885100174517858
2020-03-16,2,1,1,0,0.6689715683460236,0.1928945779800415,0.5,0.5,0.0,-0.1631254851818085,-0.21565313992046167
2020-03-17,3,0,2,1,0.9143432974815369,-0.287369966506958,0.0,0.6666666666666666,0.3333333333333333,-0.17458114027976993,-0.19439135420890072
2020-03-18,1,0,0,1,0.7783384919166565,-0.7783384919166565,0.0,0.0,1.0,-0.2909379601478577,-0.19712399442990614
2020-03-19,1,0,1,0,0.5989691019058228,0.0,0.0,1.0,0.0,-0.3552361528078715,-0.26464983253251934
2020-03-20,2,0,2,0,0.7479328811168671,0.0,0.0,1.0,0.0,-0.25944616397221887,-0.22215498770986278
2020-03-21,1,0,1,0,0.9368777871131896,0.0,0.0,1.0,0.0,0.0,-0.18601170182228083
2020-03-22,1,0,0,1,0.9400724768638612,-0.9400724768638612,0.0,0.0,1.0,-0.3133574922879538,-0.25898376532963335
2020-03-23,1,0,1,0,0.9520847201347352,0.0,0.0,1.0,0.0,-0.3133574922879538,-0.2865401336124965
2020-04-07,1,0,1,0,0.5087312459945679,0.0,0.0,1.0,0.0,-0.3133574922879538,-0.2454872812543596
2020-04-14,1,0,1,0,0.803469717502594,0.0,0.0,1.0,0.0,0.0,-0.13429606812340866
2020-04-16,1,0,0,1,0.4884233176708221,-0.4884233176708221,0.0,0.0,1.0,-0.16280777255694073,-0.20407082779066896
2020-04-28,2,1,1,0,0.7151638269424438,0.29869112372398376,0.5,0.5,0.0,-0.06324406464894615,-0.16140066725867128
2020-05-08,1,0,1,0,0.8771483898162842,0.0,0.0,1.0,0.0,-0.06324406464894615,-0.16140066725867128
2020-05-12,2,0,1,1,0.909936398267746,-0.477656751871109,0.0,0.5,0.5,-0.05965520938237512,-0.09534127797399239
2020-05-13,1,0,0,1,0.8969376087188721,-0.8969376087188721,0.0,0.0,1.0,-0.45819812019666034,-0.2234752220766884
2020-05-14,1,0,0,1,0.9620183110237122,-0.9620183110237122,0.0,0.0,1.0,-0.7788708905378977,-0.3609064093657901
2020-05-18,1,0,1,0,0.5454281568527222,0.0,0.0,1.0,0.0,-0.6196519732475281,-0.3609064093657901
2020-05-22,1,0,1,0,0.8393545746803284,0.0,0.0,1.0,0.0,-0.3206727703412374,-0.2911316496985298
2020-06-03,1,0,0,1,0.5956698060035706,-0.5956698060035706,0.0,0.0,1.0,-0.1985566020011902,-0.41889749680246613
2020-06-15,1,0,1,0,0.5242580771446228,0.0,0.0,1.0,0.0,-0.1985566020011902,-0.41889749680246613
2020-06-17,3,1,2,0,0.7268824179967245,0.27483652035395306,0.3333333333333333,0.6666666666666666,0.0,-0.10694442854987253,-0.31139845791317156
2020-06-20,1,0,0,1,0.5844570398330688,-0.5844570398330688,0.0,0.0,1.0,-0.10320683982637197,-0.2667583766437711
2020-06-22,1,0,1,0,0.8996607661247253,0.0,0.0,1.0,0.0,-0.10320683982637197,-0.1293271893546694
2020-06-28,1,0,1,0,0.8315434455871582,0.0,0.0,1.0,0.0,-0.19481901327768966,-0.1293271893546694
2020-06-29,2,0,1,1,0.7572846412658691,-0.439571350812912,0.0,0.5,0.5,-0.14652378360430404,-0.1921230966136568
2020-06-30,3,0,3,0,0.819520890712738,0.0,0.0,1.0,0.0,-0.14652378360430404,-0.10702741004171815
2020-07-01,4,0,3,1,0.7918958365917206,-0.2006368190050125,0.0,0.75,0.25,-0.21340272327264154,-0.13568981275671993
2020-07-02,3,0,0,3,0.6319883664449056,-0.6319883664449056,0.0,0.0,1.0,-0.2775417284833061,-0.26523622515655687
2020-07-05,1,0,1,0,0.6220343112945557,0.0,0.0,1.0,0.0,-0.2775417284833061,-0.18174236232326133
2020-07-06,1,0,0,1,0.9232967495918274,-0.9232967495918274,0.0,0.0,1.0,-0.5184283720122443,-0.3136418979792367
2020-07-07,4,1,3,0,0.8244726210832596,0.18798065185546875,0.25,0.75,0.0,-0.2451053659121196,-0.28678751914274114
2020-07-10,1,0,1,0,0.9043574333190918,0.0,0.0,1.0,0.0,-0.2451053659121196,-0.22399161188375372
2020-07-12,2,0,2,0,0.9043542146682739,0.0,0.0,1.0,0.0,0.06266021728515621,-0.22399161188375372
2020-07-17,1,0,1,0,0.879118800163269,0.0,0.0,1.0,0.0,0.0,-0.19532920916875193
2020-07-19,5,0,5,0,0.7338198900222779,0.0,0.0,1.0,0.0,0.0,-0.10504515681947971
2020-07-20,2,0,2,0,0.49648885428905487,0.0,0.0,1.0,0.0,0.0,-0.10504515681947971
2020-07-23,1,1,0,0,0.6366609930992126,0.6366609930992126,1.0,0.0,0.0,0.21222033103307084,0.11780594927924029
2020-07-26,2,0,2,0,0.8002631366252899,0.0,0.0,1.0,0.0,0.21222033103307084,0.09095157044274475
2020-08-05,3,0,1,2,0.7452803254127502,-0.521645704905192,0.0,0.3333333333333333,0.6666666666666666,0.038338429398006836,0.016430755456288755
2020-08-06,1,0,0,1,0.9660840034484864,-0.9660840034484864,0.0,0.0,1.0,-0.49590990278455954,-0.12158124503635216
2020-08-09,2,1,0,1,0.7982691824436188,-0.07302412390708923,0.5,0.0,0.5,-0.520251277420256,-0.1320132627373649
2020-08-10,1,1,0,0,0.8263623118400574,0.8263623118400574,1.0,0.0,0.0,-0.07091527183850617,-0.013961503903071002
2020-08-11,2,0,1,1,0.8314566612243652,-0.3628784120082855,0.0,0.5,0.5,0.13015325864156083,-0.06580127704711179
2020-08-12,1,0,1,0,0.94590425491333,0.0,0.0,1.0,0.0,0.15449463327725724,-0.15675284748985646
2020-08-16,2,0,2,0,0.7571029663085938,0.0,0.0,1.0,0.0,-0.12095947066942854,-0.15675284748985646
2020-08-17,1,0,1,0,0.9189766049385072,0.0,0.0,1.0,0.0,0.0,-0.08223203250340046
2020-08-19,1,0,0,1,0.6195288896560669,-0.6195288896560669,0.0,0.0,1.0,-0.20650962988535568,-0.032724159104483376
2020-08-26,1,0,1,0,0.6763677597045898,0.0,0.0,1.0,0.0,-0.20650962988535568,-0.022292141403470626
2020-08-28,1,0,1,0,0.9128148555755616,0.0,0.0,1.0,0.0,-0.20650962988535568,-0.14034390023776452
2020-08-31,1,0,0,1,0.6282753348350525,-0.6282753348350525,0.0,0.0,1.0,-0.2094251116116842,-0.1782577463558741
2020-09-01,1,1,0,0,0.9218316674232484,0.9218316674232484,1.0,0.0,0.0,0.09785211086273193,-0.0465675081525529
2020-09-02,1,1,0,0,0.763757586479187,0.763757586479187,1.0,0.0,0.0,0.35243797302246094,0.06254071848733096
2021-12-26,1,0,1,0,0.8905843496322632,0.0,0.0,1.0,0.0,0.5618630846341451,0.06254071848733096
2022-04-28,1,0,1,0,0.9496877193450928,0.0,0.0,1.0,0.0,0.25458586215972895,0.15104484558105483
2022-04-29,1,0,1,0,0.8122619986534119,0.0,0.0,1.0,0.0,0.0,0.15104484558105483
2022-05-06,2,0,2,0,0.7299411296844482,0.0,0.0,1.0,0.0,0.0,0.15104484558105483
2022-05-09,1,0,1,0,0.9011003375053406,0.0,0.0,1.0,0.0,0.0,0.24079846484320516
2022-05-10,2,0,2,0,0.9263322055339812,0.0,0.0,1.0,0.0,0.0,0.10910822663988395
2022-05-11,1,0,1,0,0.9354362487792968,0.0,0.0,1.0,0.0,0.0,0.0
2022-05-20,2,0,2,0,0.766127198934555,0.0,0.0,1.0,0.0,0.0,0.0
2022-05-23,1,0,1,0,0.931490123271942,0.0,0.0,1.0,0.0,0.0,0.0
2022-05-30,2,0,1,1,0.8546179533004761,-0.4861253499984741,0.0,0.5,0.5,-0.16204178333282473,-0.06944647857121049
2022-06-01,1,0,1,0,0.580897331237793,0.0,0.0,1.0,0.0,-0.16204178333282473,-0.06944647857121049
2022-06-03,1,0,0,1,0.9708648324012756,-0.9708648324012756,0.0,0.0,1.0,-0.48566339413324994,-0.2081414546285356
2022-06-06,3,0,2,1,0.92971404393514,-0.32328001658121747,0.0,0.6666666666666666,0.3333333333333333,-0.4313816163274977,-0.25432431414013806
2022-06-10,1,0,1,0,0.7275195717811584,0.0,0.0,1.0,0.0,-0.4313816163274977,-0.25432431414013806
2022-06-13,1,0,0,1,0.9358983039855956,-0.9358983039855956,0.0,0.0,1.0,-0.4197261068556044,-0.38802407185236604
2022-06-16,1,0,1,0,0.910405695438385,0.0,0.0,1.0,0.0,-0.3119661013285319,-0.38802407185236604
2022-06-17,1,0,1,0,0.9465776681900024,0.0,0.0,1.0,0.0,-0.3119661013285319,-0.3185775932811555
2022-06-19,1,0,0,1,0.9573079347610474,-0.9573079347610474,0.0,0.0,1.0,-0.3191026449203492,-0.4553358696755908
2022-06-27,1,0,1,0,0.9543663263320924,0.0,0.0,1.0,0.0,-0.3191026449203492,-0.3166408936182657
2022-06-30,1,0,1,0,0.9465751051902772,0.0,0.0,1.0,0.0,-0.3191026449203492,-0.2704580341066632
2022-07-01,1,0,0,1,0.6417907476425171,-0.6417907476425171,0.0,0.0,1.0,-0.21393024921417245,-0.36214242662702273
2022-07-06,1,0,1,0,0.9297932982444764,0.0,0.0,1.0,0.0,-0.21393024921417245,-0.22844266891479484
2022-07-14,2,0,2,0,0.6954288184642792,0.0,0.0,1.0,0.0,-0.21393024921417245,-0.22844266891479484
2022-07-21,1,0,1,0,0.9412820935249328,0.0,0.0,1.0,0.0,0.0,-0.22844266891479484
2022-07-28,1,0,0,1,0.7769159078598022,-0.7769159078598022,0.0,0.0,1.0,-0.2589719692866008,-0.2026723793574741
2022-07-31,1,0,0,1,0.674490749835968,-0.674490749835968,0.0,0.0,1.0,-0.4838022192319235,-0.29902820076261233
2022-08-02,1,0,0,1,0.8392537236213684,-0.8392537236213684,0.0,0.0,1.0,-0.7635534604390463,-0.4189215898513793
2022-08-04,1,0,1,0,0.9346628785133362,0.0,0.0,1.0,0.0,-0.5045814911524455,-0.3272371973310197
2022-08-26,1,0,1,0,0.9529152512550354,0.0,0.0,1.0,0.0,-0.27975124120712286,-0.3272371973310197
2022-08-28,1,0,0,1,0.940674602985382,-0.940674602985382,0.0,0.0,1.0,-0.3135582009951274,-0.46161928347178854
2022-08-31,1,0,1,0,0.9089759588241576,0.0,0.0,1.0,0.0,-0.3135582009951274,-0.46161928347178854
2022-09-04,1,0,0,1,0.4995335638523102,-0.4995335638523102,0.0,0.0,1.0,-0.4800693889458974,-0.4219932343278611
2022-09-08,1,0,1,0,0.9393097162246704,0.0,0.0,1.0,0.0,-0.16651118795077013,-0.3256374129227228
2022-09-11,1,0,0,1,0.73394775390625,-0.73394775390625,0.0,0.0,1.0,-0.41116043925285345,-0.3105937029634202
2022-09-13,1,0,1,0,0.9443584084510804,0.0,0.0,1.0,0.0,-0.2446492513020834,-0.3105937029634202
2022-09-21,1,0,1,0,0.8629220724105835,0.0,0.0,1.0,0.0,-0.2446492513020834,-0.3105937029634202
2022-09-27,2,0,1,1,0.7367632985115051,-0.2787056267261505,0.0,0.5,0.5,-0.09290187557538358,-0.21602670635495855
2022-10-09,1,0,0,1,0.7367779612541199,-0.7367779612541199,0.0,0.0,1.0,-0.3384945293267569,-0.3212807008198328
2022-10-12,1,0,1,0,0.8491794466972351,0.0,0.0,1.0,0.0,-0.3384945293267569,-0.24991876312664565
2022-10-13,1,0,1,0,0.8882852792739868,0.0,0.0,1.0,0.0,-0.24559265375137337,-0.24991876312664565
2022-11-07,1,0,1,0,0.9457082152366638,0.0,0.0,1.0,0.0,0.0,-0.14506908399718135
2022-11-11,1,0,1,0,0.9360954761505128,0.0,0.0,1.0,0.0,0.0,-0.14506908399718135
2022-11-17,1,0,1,0,0.949216604232788,0.0,0.0,1.0,0.0,0.0,-0.14506908399718135
2022-11-18,1,0,1,0,0.6450940370559692,0.0,0.0,1.0,0.0,0.0,-0.10525399446487417
2022-11-22,2,0,2,0,0.7572399973869324,0.0,0.0,1.0,0.0,0.0,0.0
2022-11-23,1,0,0,1,0.5896839499473572,-0.5896839499473572,0.0,0.0,1.0,-0.19656131664911913,-0.08424056427819379
2022-11-24,1,0,0,1,0.5735649466514587,-0.5735649466514587,0.0,0.0,1.0,-0.3877496321996054,-0.16617841379983075
2022-11-27,1,0,1,0,0.6133133172988892,0.0,0.0,1.0,0.0,-0.3877496321996054,-0.16617841379983075
2022-11-28,1,0,1,0,0.6269455552101135,0.0,0.0,1.0,0.0,-0.19118831555048632,-0.16617841379983075
2022-11-30,2,0,1,1,0.7599916458129883,-0.30676719546318054,0.0,0.5,0.5,-0.10225573182106025,-0.2100022988659994
2022-12-01,1,0,1,0,0.8347077965736389,0.0,0.0,1.0,0.0,-0.10225573182106025,-0.2100022988659994
2022-12-04,3,0,2,1,0.8357298572858175,-0.23383712768554688,0.0,0.6666666666666666,0.3333333333333333,-0.1802014410495759,-0.2434076028210775
2022-12-06,4,0,2,2,0.7227720469236374,-0.2567359656095505,0.0,0.5,0.5,-0.16352436443169918,-0.1958436050585337
2022-12-07,1,0,1,0,0.9280931353569032,0.0,0.0,1.0,0.0,-0.16352436443169918,-0.11390575553689675
2022-12-09,1,0,0,1,0.536766767501831,-0.536766767501831,0.0,0.0,1.0,-0.26450091103712725,-0.1905867223228726
2022-12-11,1,0,1,0,0.934069275856018,0.0,0.0,1.0,0.0,-0.17892225583394375,-0.1905867223228726
2022-12-13,1,0,0,1,0.6857882738113403,-0.6857882738113403,0.0,0.0,1.0,-0.40751834710439055,-0.244732590658324
2022-12-14,1,0,1,0,0.6347817182540894,0.0,0.0,1.0,0.0,-0.22859609127044686,-0.244732590658324
2022-12-15,1,0,1,0,0.9325534105300904,0.0,0.0,1.0,0.0,-0.22859609127044686,-0.21132728670324588
2022-12-18,2,0,2,0,0.9485931098461152,0.0,0.0,1.0,0.0,0.0,-0.1746507201875958
2022-12-19,1,0,1,0,0.8029485940933228,0.0,0.0,1.0,0.0,0.0,-0.1746507201875958
2022-12-20,2,0,2,0,0.9466772973537445,0.0,0.0,1.0,0.0,0.0,-0.09796975340161995
2022-12-21,4,0,4,0,0.9463523924350739,0.0,0.0,1.0,0.0,0.0,-0.09796975340161995
2022-12-22,3,0,1,2,0.7142632007598877,-0.4008682767550151,0.0,0.3333333333333333,0.6666666666666666,-0.13362275891833844,-0.05726689667928777
2022-12-23,1,0,1,0,0.9417928457260132,0.0,0.0,1.0,0.0,-0.13362275891833844,-0.05726689667928777
2022-12-27,2,0,2,0,0.6786366999149323,0.0,0.0,1.0,0.0,-0.13362275891833844,-0.05726689667928777
2022-12-28,1,0,0,1,0.9486978054046632,-0.9486978054046632,0.0,0.0,1.0,-0.3162326018015545,-0.19279515459423965
2023-01-05,2,0,1,1,0.8297765552997589,-0.35451939702033997,0.0,0.5,0.5,-0.43440573414166783,-0.2434407827400025
2023-01-06,3,1,2,0,0.7116490006446838,0.26847996314366657,0.3333333333333333,0.6666666666666666,0.0,-0.3449124130937789,-0.20508650229090727
2023-01-12,1,0,1,0,0.589449942111969,0.0,0.0,1.0,0.0,-0.02867981129222454,-0.20508650229090727
2023-01-17,2,0,2,0,0.7068128883838654,0.0,0.0,1.0,0.0,0.08949332104788878,-0.14781960561161941
2023-01-24,2,0,0,2,0.7192129790782928,-0.7192129790782928,0.0,0.0,1.0,-0.23973765969276437,-0.2505643169085184
2023-01-25,2,1,1,0,0.538846030831337,0.2330929785966873,0.5,0.5,0.0,-0.16204000016053524,-0.2172653199661345
2023-01-26,1,0,0,1,0.9327440857887268,-0.9327440857887268,0.0,0.0,1.0,-0.4729546954234442,-0.21498621716385788
2023-01-29,1,0,1,0,0.9153156280517578,0.0,0.0,1.0,0.0,-0.2332170357306799,-0.16434058901809503
2023-01-30,1,0,1,0,0.9060983657836914,0.0,0.0,1.0,0.0,-0.310914695262909,-0.20269486946719023
2023-02-01,1,0,1,0,0.9544638395309448,0.0,0.0,1.0,0.0,0.0,-0.20269486946719023
2023-02-09,1,0,0,1,0.7240247130393982,-0.7240247130393982,0.0,0.0,1.0,-0.2413415710131328,-0.30612697132996136
2023-02-14,1,0,1,0,0.4895046651363373,0.0,0.0,1.0,0.0,-0.2413415710131328,-0.20338226003306242
2023-02-16,1,0,1,0,0.694500207901001,0.0,0.0,1.0,0.0,-0.2413415710131328,-0.23668125697544634
2023-02-26,2,0,2,0,0.9086962640285492,0.0,0.0,1.0,0.0,0.0,-0.10343210186277108
2023-03-01,1,0,1,0,0.9475019574165344,0.0,0.0,1.0,0.0,0.0,-0.10343210186277108
2023-03-03,1,0,1,0,0.9349192380905152,0.0,0.0,1.0,0.0,0.0,-0.10343210186277108
2023-03-05,2,0,2,0,0.9149591326713562,0.0,0.0,1.0,0.0,0.0,-0.10343210186277108
2023-03-07,1,0,1,0,0.9393301606178284,0.0,0.0,1.0,0.0,0.0,0.0
2023-03-09,1,0,1,0,0.8936470746994019,0.0,0.0,1.0,0.0,0.0,0.0
2023-03-10,1,0,1,0,0.8894446492195129,0.0,0.0,1.0,0.0,0.0,0.0
2023-03-13,1,0,1,0,0.9285069108009338,0.0,0.0,1.0,0.0,0.0,0.0
2023-03-15,1,0,1,0,0.9431445598602296,0.0,0.0,1.0,0.0,0.0,0.0
2023-03-16,2,0,2,0,0.9303676187992096,0.0,0.0,1.0,0.0,0.0,0.0
2023-03-19,1,0,1,0,0.9290224313735962,0.0,0.0,1.0,0.0,0.0,0.0
2023-03-26,2,0,2,0,0.8888108134269714,0.0,0.0,1.0,0.0,0.0,0.0
2023-04-02,3,0,3,0,0.8642852703730265,0.0,0.0,1.0,0.0,0.0,0.0
2023-04-03,1,0,1,0,0.9254518151283264,0.0,0.0,1.0,0.0,0.0,0.0
2023-04-05,1,0,1,0,0.9342705607414246,0.0,0.0,1.0,0.0,0.0,0.0
2023-04-12,1,0,1,0,0.9481720328330994,0.0,0.0,1.0,0.0,0.0,0.0
2023-04-23,1,0,1,0,0.9381119012832642,0.0,0.0,1.0,0.0,0.0,0.0
2023-04-30,1,0,1,0,0.8338411450386047,0.0,0.0,1.0,0.0,0.0,0.0
2023-05-02,1,0,0,1,0.6145855188369751,-0.6145855188369751,0.0,0.0,1.0,-0.2048618396123251,-0.08779793126242492
2023-05-03,1,0,1,0,0.9227617383003236,0.0,0.0,1.0,0.0,-0.2048618396123251,-0.08779793126242492
2023-05-07,3,0,2,1,0.7096774776776632,-0.1816867788632711,0.0,0.6666666666666666,0.3333333333333333,-0.2654240992334155,-0.11375318538574937
2023-05-08,3,0,1,2,0.7857627272605896,-0.5697297851244608,0.0,0.3333333333333333,0.6666666666666666,-0.2504721879959107,-0.19514315468924376
2023-05-09,2,0,1,1,0.8026873171329498,-0.429519921541214,0.0,0.5,0.5,-0.39364549517631536,-0.25650314348084574
2023-05-21,1,0,1,0,0.9058102369308472,0.0,0.0,1.0,0.0,-0.333083235555225,-0.25650314348084574
2023-05-23,1,0,1,0,0.9331502914428712,0.0,0.0,1.0,0.0,-0.14317330718040475,-0.25650314348084574
2023-05-29,2,0,2,0,0.8757245540618896,0.0,0.0,1.0,0.0,0.0,-0.16870521221842075
2023-06-08,1,0,1,0,0.9324207305908204,0.0,0.0,1.0,0.0,0.0,-0.16870521221842075
2023-06-15,2,0,2,0,0.928127259016037,0.0,0.0,1.0,0.0,0.0,-0.1427499580950963
2023-07-03,1,0,1,0,0.669834315776825,0.0,0.0,1.0,0.0,0.0,-0.061359988791601906
2023-07-20,1,0,1,0,0.9454683065414428,0.0,0.0,1.0,0.0,0.0,0.0
2023-08-13,1,1,0,0,0.7088017463684082,0.7088017463684082,1.0,0.0,0.0,0.23626724878946934,0.10125739233834412
2023-08-28,1,0,0,1,0.9127663969993592,-0.9127663969993592,0.0,0.0,1.0,-0.06798821687698375,-0.02913780723299291
2023-08-29,1,0,1,0,0.9446293711662292,0.0,0.0,1.0,0.0,-0.06798821687698375,-0.02913780723299291
2023-09-26,1,0,1,0,0.8736612796783447,0.0,0.0,1.0,0.0,-0.3042554656664532,-0.02913780723299291
2023-09-27,1,0,1,0,0.9290763139724731,0.0,0.0,1.0,0.0,0.0,-0.02913780723299291
2023-10-21,1,0,1,0,0.8119657635688782,0.0,0.0,1.0,0.0,0.0,-0.02913780723299291
2023-11-08,1,0,1,0,0.9407181739807128,0.0,0.0,1.0,0.0,0.0,-0.02913780723299291
2023-11-09,1,0,1,0,0.9189724922180176,0.0,0.0,1.0,0.0,0.0,-0.13039519957133694
2023-11-21,2,0,1,1,0.9481547474861145,-0.4771648049354553,0.0,0.5,0.5,-0.1590549349784852,-0.06816640070506495
2023-11-26,2,0,2,0,0.9489726126194,0.0,0.0,1.0,0.0,-0.1590549349784852,-0.06816640070506495
2023-11-29,1,0,0,1,0.6069616079330444,-0.6069616079330444,0.0,0.0,1.0,-0.3613754709561667,-0.154875201838357
2023-12-01,1,0,1,0,0.9171059131622314,0.0,0.0,1.0,0.0,-0.20232053597768154,-0.154875201838357
2023-12-03,1,0,1,0,0.9288132190704346,0.0,0.0,1.0,0.0,-0.20232053597768154,-0.154875201838357
2023-12-12,1,0,1,0,0.9314546585083008,0.0,0.0,1.0,0.0,0.0,-0.154875201838357
2023-12-18,1,1,0,0,0.9525662660598756,0.9525662660598756,1.0,0.0,0.0,0.3175220886866251,-0.018794306686946212
2023-12-20,1,0,0,1,0.8060009479522705,-0.8060009479522705,0.0,0.0,1.0,0.04885510603586829,-0.06577089854649124
2023-12-22,1,0,0,1,0.8103871941566467,-0.8103871941566467,0.0,0.0,1.0,-0.22127395868301394,-0.18154049771172648
2024-02-05,1,0,1,0,0.9539985060691832,0.0,0.0,1.0,0.0,-0.5387960473696392,-0.09483169657843442
2024-02-09,1,0,1,0,0.9367159605026244,0.0,0.0,1.0,0.0,-0.2701290647188823,-0.09483169657843442
2024-02-25,1,0,1,0,0.9399005770683287,0.0,0.0,1.0,0.0,0.0,-0.09483169657843442
2024-02-26,1,0,1,0,0.9388729333877563,0.0,0.0,1.0,0.0,0.0,-0.09483169657843442
2024-02-27,1,0,0,1,0.9279049634933472,-0.9279049634933472,0.0,0.0,1.0,-0.30930165449778246,-0.3634704436574662
2024-02-28,1,0,1,0,0.9390894174575806,0.0,0.0,1.0,0.0,-0.30930165449778246,-0.24832745109285617
2024-02-29,3,0,2,1,0.9418878555297852,-0.31694092353185016,0.0,0.6666666666666666,0.3333333333333333,-0.4149486290083992,-0.17783512671788523
2024-03-03,1,0,0,1,0.9634939432144164,-0.9634939432144164,0.0,0.0,1.0,-0.42681162224875563,-0.315477118605659
2024-03-04,1,0,1,0,0.941268265247345,0.0,0.0,1.0,0.0,-0.42681162224875563,-0.315477118605659
2024-03-05,1,0,1,0,0.9406644105911256,0.0,0.0,1.0,0.0,-0.3211646477381389,-0.315477118605659
2024-03-06,2,0,2,0,0.7430199980735779,0.0,0.0,1.0,0.0,0.0,-0.315477118605659
2024-03-07,4,0,4,0,0.7997247278690338,0.0,0.0,1.0,0.0,0.0,-0.18291926667803798
2024-03-10,2,0,2,0,0.9353115558624268,0.0,0.0,1.0,0.0,0.0,-0.18291926667803798
2024-03-11,1,0,1,0,0.9387679696083068,0.0,0.0,1.0,0.0,0.0,-0.13764199188777368
2024-03-12,4,1,3,0,0.7450920939445496,0.17247790098190308,0.25,0.75,0.0,0.057492633660634285,0.024639700140271965
2024-03-13,1,0,0,1,0.96058851480484,-0.96058851480484,0.0,0.0,1.0,-0.26270353794097906,-0.11258723054613375
2024-03-15,1,0,0,1,0.482896089553833,-0.482896089553833,0.0,0.0,1.0,-0.42366890112559,-0.1815723861966813
2024-03-17,2,0,1,1,0.8926868736743927,-0.4779560267925262,0.0,0.5,0.5,-0.6404802103837332,-0.24985181859561362
2024-03-18,1,0,0,1,0.9555143117904664,-0.9555143117904664,0.0,0.0,1.0,-0.638788809378942,-0.3863538631371088
2024-03-19,2,1,0,1,0.9268631935119629,-0.01313251256942749,0.5,0.0,0.5,-0.4822009503841402,-0.38822993636131276
2024-03-21,3,0,2,1,0.8262412548065186,-0.32201651732126874,0.0,0.6666666666666666,0.3333333333333333,-0.4302211138937209,-0.4342322959786369
2024-03-22,1,0,0,1,0.9545411467552184,-0.9545411467552184,0.0,0.0,1.0,-0.42989672554863834,-0.59523501708394
2024-03-25,3,0,1,2,0.9052267273267111,-0.5937983592351278,0.0,0.3333333333333333,0.6666666666666666,-0.6234520077705384,-0.5428364234311239
2024-03-26,1,0,0,1,0.9690971970558168,-0.9690971970558168,0.0,0.0,1.0,-0.8391455676820545,-0.6122937245028358
2024-03-28,1,0,0,1,0.961593747138977,-0.961593747138977,0.0,0.0,1.0,-0.8414964344766407,-0.6813848274094717
2024-03-29,1,0,0,1,0.9342383146286012,-0.9342383146286012,0.0,0.0,1.0,-0.9549764196077984,-0.6783453992434909
2024-03-31,1,0,0,1,0.962530255317688,-0.962530255317688,0.0,0.0,1.0,-0.9527874390284222,-0.8139736482075282
2024-04-01,1,0,0,1,0.9652594923973083,-0.9652594923973083,0.0,0.0,1.0,-0.9540093541145326,-0.9058655017898195
2024-04-02,3,1,1,1,0.8073856830596924,-0.14785542090733847,0.3333333333333333,0.3333333333333333,0.3333333333333333,-0.6918817228741118,-0.7906246838115509
2024-04-03,3,0,2,1,0.9424514174461365,-0.31854420900344854,0.0,0.6666666666666666,0.3333333333333333,-0.477219707436032,-0.7513026623498825
2024-04-04,2,0,1,1,0.9030863642692566,-0.4808665812015534,0.0,0.5,0.5,-0.31575540370411365,-0.6815554315135592
2024-04-05,1,0,0,1,0.844268262386322,-0.844268262386322,0.0,0.0,1.0,-0.5478930175304414,-0.6647946479774657
2024-04-07,2,0,1,1,0.9546402990818024,-0.4831064939498902,0.0,0.5,0.5,-0.6027471125125887,-0.6003472450233641
2024-04-09,1,0,0,1,0.9687020182609558,-0.9687020182609558,0.0,0.0,1.0,-0.765358924865723,-0.6012289254438309
2024-04-10,2,0,2,0,0.8772517144680023,0.0,0.0,1.0,0.0,-0.4839361707369489,-0.4633347122442154
2024-04-14,1,0,0,1,0.9688474535942078,-0.9688474535942078,0.0,0.0,1.0,-0.6458498239517214,-0.5806192883423396
2024-04-15,1,0,0,1,0.9565706253051758,-0.9565706253051758,0.0,0.0,1.0,-0.6418060262997948,-0.6717659192425863
2024-04-16,2,0,1,1,0.9557557106018066,-0.4821017384529114,0.0,0.5,0.5,-0.8025066057840986,-0.6719423702784946
2024-04-17,1,0,0,1,0.966779351234436,-0.966779351234436,0.0,0.0,1.0,-0.8018172383308414,-0.6894439543996537
2024-04-18,1,0,0,1,0.9675604701042176,-0.9675604701042176,0.0,0.0,1.0,-0.8054805199305219,-0.7586516652788433
2024-04-19,1,0,0,1,0.902887523174286,-0.902887523174286,0.0,0.0,1.0,-0.9457424481709801,-0.7492495945521763
2024-04-21,2,0,1,1,0.9527293145656586,-0.480209082365036,0.0,0.5,0.5,-0.7835523585478468,-0.8178508920328957
2024-04-22,1,0,0,1,0.9666630029678344,-0.9666630029678344,0.0,0.0,1.0,-0.7832532028357191,-0.8175388276576995
2024-04-23,1,0,0,1,0.964637041091919,-0.964637041091919,0.0,0.0,1.0,-0.8038363754749299,-0.8186911727700913
2024-04-24,1,0,0,1,0.9523584246635436,-0.9523584246635436,0.0,0.0,1.0,-0.9612194895744325,-0.8858706993716102
2024-04-25,2,0,1,1,0.742485910654068,-0.4813188016414642,0.0,0.5,0.5,-0.7994380891323091,-0.8165191922869
2024-04-26,1,0,0,1,0.8364731669425964,-0.8364731669425964,0.0,0.0,1.0,-0.7567167977492016,-0.7977924346923827
2024-04-28,2,0,1,1,0.9568581581115723,-0.4805688560009002,0.0,0.5,0.5,-0.5994536081949872,-0.7374611965247562
2024-04-29,1,0,0,1,0.9547574520111084,-0.9547574520111084,0.0,0.0,1.0,-0.7572664916515354,-0.8052538207599094
2024-04-30,1,0,0,1,0.966918170452118,-0.966918170452118,0.0,0.0,1.0,-0.8007481594880425,-0.8052902732576641
2024-05-01,1,1,0,0,0.8867747187614441,0.8867747187614441,1.0,0.0,0.0,-0.3449669679005944,-0.540802878992898
2024-05-02,5,0,4,1,0.952436101436615,-0.19225220680236815,0.0,0.8,0.2,-0.09079855283101425,-0.4322162764413015
2024-05-03,1,0,0,1,0.921839952468872,-0.921839952468872,0.0,0.0,1.0,-0.07577248016993225,-0.4951478694166455
2024-05-05,6,0,5,1,0.9261851112047831,-0.161296804745992,0.0,0.8333333333333334,0.16666666666666666,-0.4251296546724109,-0.3986941033885592
2024-05-06,2,0,1,1,0.9566274583339691,-0.481005996465683,0.0,0.5,0.5,-0.5213809178935158,-0.39875655202638527
2024-05-07,3,0,0,3,0.797507623831431,-0.797507623831431,0.0,0.0,1.0,-0.47993680834770225,-0.3762922908578599
2024-05-08,1,0,0,1,0.9580135345458984,-0.9580135345458984,0.0,0.0,1.0,-0.7455090516143378,-0.3750202000141143
2024-05-09,1,0,0,1,0.9671916365623474,-0.9671916365623474,0.0,0.0,1.0,-0.9075709316465592,-0.6398725364889416
2024-05-10,1,0,0,1,0.9437257051467896,-0.9437257051467896,0.0,0.0,1.0,-0.9563102920850121,-0.7472258933952877
2024-05-12,2,0,0,2,0.9275434017181396,-0.9275434017181396,0.0,0.0,1.0,-0.9461535811424259,-0.7480406718594688
2024-05-13,2,0,1,1,0.9522977471351624,-0.4842734038829804,0.0,0.5,0.5,-0.7851808369159702,-0.7941801860218956
2024-05-14,1,0,0,1,0.9362746477127076,-0.9362746477127076,0.0,0.0,1.0,-0.7826971511046095,-0.8592185647714705
2024-05-15,1,0,0,1,0.9585614204406738,-0.9585614204406738,0.0,0.0,1.0,-0.7930364906787876,-0.8822262500013623
2024-05-16,1,0,0,1,0.9669715762138368,-0.9669715762138368,0.0,0.0,1.0,-0.9539358814557396,-0.8835059702396393
2024-05-17,3,0,2,1,0.9313312570254008,-0.3042471607526143,0.0,0.6666666666666666,0.3333333333333333,-0.7432600524690418,-0.7887996165525345
2024-05-19,1,1,0,0,0.8847665786743164,0.8847665786743164,1.0,0.0,0.0,-0.12881738609737847,-0.5275864331495194
2024-05-21,1,0,1,0,0.5863645076751709,0.0,0.0,1.0,0.0,0.1935064726405671,-0.39508023290407085
2024-05-23,1,1,0,0,0.8572309017181396,0.8572309017181396,1.0,0.0,0.0,0.5806658267974851,-0.2034367606753394
2024-05-24,1,0,0,1,0.8031051158905029,-0.8031051158905029,0.0,0.0,1.0,0.018041928609212016,-0.18441254184359587
2024-05-27,2,0,1,1,0.9526917338371278,-0.4812952876091004,0.0,0.5,0.5,-0.1423898339271548,-0.11623166572479968
2024-05-28,2,2,0,0,0.7681412100791931,0.7681412100791931,1.0,0.0,0.0,-0.1720863978068036,0.13164158945991888
2024-05-29,1,1,0,0,0.7392684817314148,0.7392684817314148,1.0,0.0,0.0,0.34203813473383565,0.28071525267192304
2024-05-30,3,0,2,1,0.9553584456443787,-0.3226231137911479,0.0,0.6666666666666666,0.3333333333333333,0.39492885933981975,0.10823101089114243
2024-05-31,1,0,1,0,0.9400469064712524,0.0,0.0,1.0,0.0,0.13888178931342207,0.10823101089114243
2024-06-02,3,0,1,2,0.8274062871932983,-0.5109917521476746,0.0,0.3333333333333333,0.6666666666666666,-0.27787162197960774,-0.08722936823254532
2024-06-03,2,0,1,1,0.8268560171127319,-0.4837394058704376,0.0,0.5,0.5,-0.33157705267270426,-0.041605695372535986
2024-06-06,1,1,0,0,0.9154892563819884,0.9154892563819884,1.0,0.0,0.0,-0.026413967212041478,0.15793495376904815
2024-06-07,2,0,1,1,0.8242582082748413,-0.3687548041343689,0.0,0.5,0.5,0.020998348792393744,-0.00447876254717502
2024-06-11,1,0,1,0,0.9389188289642334,0.0,0.0,1.0,0.0,0.18224481741587295,-0.11008854565166284
2024-06-12,1,0,1,0,0.9473756551742554,0.0,0.0,1.0,0.0,-0.12291826804478985,-0.06399952939578459
2024-06-13,1,1,0,0,0.7186106443405151,0.7186106443405151,1.0,0.0,0.0,0.23953688144683816,0.038659134081431866
2024-06-14,2,0,1,1,0.934992104768753,-0.4595365822315216,0.0,0.5,0.5,0.08635802070299763,0.046009872640882285
2024-06-16,1,0,1,0,0.8279717564582825,0.0,0.0,1.0,0.0,0.08635802070299763,0.1151155020509448
2024-06-17,1,0,0,1,0.9648275375366212,-0.9648275375366212,0.0,0.0,1.0,-0.4747880399227145,-0.15350118279457087
2024-06-21,1,0,0,1,0.9183763861656188,-0.9183763861656188,0.0,0.0,1.0,-0.6277346412340802,-0.232018551656178
2024-06-26,1,0,0,1,0.971152663230896,-0.971152663230896,0.0,0.0,1.0,-0.951452195644379,-0.37075464640344885
2024-06-27,1,0,0,1,0.9715386629104614,-0.9715386629104614,0.0,0.0,1.0,-0.953689237435659,-0.5095458839620862
2024-06-28,1,0,0,1,0.95083349943161,-0.95083349943161,0.0,0.0,1.0,-0.9645082751909894,-0.7480379045009613
2024-07-02,1,0,1,0,0.9210233688354492,0.0,0.0,1.0,0.0,-0.6407907207806907,-0.6823898213250297
2024-07-04,2,0,1,1,0.8713718056678772,-0.4805079996585846,0.0,0.5,0.5,-0.47711383303006505,-0.7510338212762561
2024-07-05,1,0,0,1,0.8413589000701904,-0.8413589000701904,0.0,0.0,1.0,-0.4406222999095919,-0.7333954444953372
2024-07-07,1,0,1,0,0.6521750688552856,0.0,0.0,1.0,0.0,-0.4406222999095919,-0.602198817900249
2024-07-08,1,0,1,0,0.7472686171531677,0.0,0.0,1.0,0.0,-0.2804529666900637,-0.46346272315297793
2024-07-11,1,0,1,0,0.9385928511619568,0.0,0.0,1.0,0.0,0.0,-0.3246714855943406
2024-07-12,3,0,1,2,0.8855217496554056,-0.5710377891858419,0.0,0.3333333333333333,0.6666666666666666,-0.1903459297286142,-0.2704149555592309
2024-07-16,1,0,1,0,0.9504506587982178,0.0,0.0,1.0,0.0,-0.1903459297286142,-0.2704149555592309
2024-07-26,1,0,0,1,0.9380021691322328,-0.9380021691322328,0.0,0.0,1.0,-0.5030133194393585,-0.3357712654840378
2024-07-30,1,0,1,0,0.9469334483146667,0.0,0.0,1.0,0.0,-0.3126673897107445,-0.215577136902582
2024-08-01,1,0,1,0,0.9445750713348388,0.0,0.0,1.0,0.0,-0.3126673897107445,-0.21557713690258204
2024-08-02,2,0,1,1,0.9470501244068146,-0.4766050279140472,0.0,0.5,0.5,-0.15886834263801594,-0.28366356946173166
2024-08-04,1,0,1,0,0.9389368295669556,0.0,0.0,1.0,0.0,-0.15886834263801594,-0.28366356946173166
2024-08-05,1,0,0,1,0.9514997005462646,-0.9514997005462646,0.0,0.0,1.0,-0.47603490948677085,-0.3380152710846492
2024-08-06,1,0,0,1,0.9614174962043762,-0.9614174962043762,0.0,0.0,1.0,-0.6376390655835472,-0.4753606276852743
2024-08-07,1,0,0,1,0.8515584468841553,-0.8515584468841553,0.0,0.0,1.0,-0.921491881211599,-0.4630115245069776
2024-08-08,1,0,1,0,0.9442169070243835,0.0,0.0,1.0,0.0,-0.6043253143628441,-0.4630115245069776
2024-08-09,2,0,1,1,0.9426828026771545,-0.4711927771568298,0.0,0.5,0.5,-0.4409170746803286,-0.5303247783865247
2024-08-11,1,0,1,0,0.9160305261611938,0.0,0.0,1.0,0.0,-0.1570642590522768,-0.46223834582737505
2024-08-12,2,0,2,0,0.8907190561294556,0.0,0.0,1.0,0.0,-0.1570642590522768,-0.46223834582737505
2024-08-13,1,0,0,1,0.9679736495018004,-0.9679736495018004,0.0,0.0,1.0,-0.322657883167267,-0.4645917671067373
2024-08-14,1,0,1,0,0.9461287260055542,0.0,0.0,1.0,0.0,-0.322657883167267,-0.3272464105061121
2024-08-15,1,0,1,0,0.8292049765586853,0.0,0.0,1.0,0.0,-0.322657883167267,-0.20559520380837568
2024-08-16,1,0,0,1,0.9336015582084656,-0.9336015582084656,0.0,0.0,1.0,-0.31120051940282206,-0.3389668549810136
2024-08-18,1,0,1,0,0.8910506367683411,0.0,0.0,1.0,0.0,-0.31120051940282206,-0.27165360110146647
2024-08-19,2,0,2,0,0.9391326308250427,0.0,0.0,1.0,0.0,-0.31120051940282206,-0.27165360110146647
2024-08-21,1,0,1,0,0.9523347020149232,0.0,0.0,1.0,0.0,0.0,-0.27165360110146647
2024-08-22,1,0,0,1,0.9716139435768129,-0.9716139435768129,0.0,0.0,1.0,-0.3238713145256045,-0.27217364311218256
2024-08-23,1,0,0,1,0.9490066766738892,-0.9490066766738892,0.0,0.0,1.0,-0.640206873416901,-0.4077460254941667
2024-08-25,3,0,2,1,0.8922072251637777,-0.3246653477350871,0.0,0.6666666666666666,0.3333333333333333,-0.7484286559952632,-0.45412678945632207
2024-08-26,1,0,1,0,0.927072823047638,0.0,0.0,1.0,0.0,-0.424557341469659,-0.3207551382836841
2024-08-27,2,0,2,0,0.9394270181655884,0.0,0.0,1.0,0.0,-0.10822178257836258,-0.3207551382836841
2024-08-28,1,0,0,1,0.9681985974311828,-0.9681985974311828,0.0,0.0,1.0,-0.32273286581039445,-0.4590692236309959
2024-08-29,1,0,0,1,0.9749046564102172,-0.9749046564102172,0.0,0.0,1.0,-0.6477010846138002,-0.5983413174038841
2024-08-30,1,0,0,1,0.8890000581741333,-0.8890000581741333,0.0,0.0,1.0,-0.9440344373385113,-0.5865393337749298
2024-09-01,2,0,1,1,0.9572849869728088,-0.4867940843105316,0.0,0.5,0.5,-0.7835662662982942,-0.5205089634373073
2024-09-03,2,0,1,1,0.9558869898319244,-0.4830689430236816,0.0,0.5,0.5,-0.6196210285027824,-0.5431380484785351
2024-09-06,3,0,2,1,0.9302236239115397,-0.29607725143432617,0.0,0.6666666666666666,0.3333333333333333,-0.4219800929228467,-0.5854347986834388
2024-09-09,1,0,1,0,0.8378405570983887,0.0,0.0,1.0,0.0,-0.2597153981526695,-0.5854347986834388
2024-09-10,2,0,2,0,0.8928360939025879,0.0,0.0,1.0,0.0,-0.09869241714477561,-0.447120713336127
2024-09-11,1,0,1,0,0.9409629106521606,0.0,0.0,1.0,0.0,0.0,-0.3078486195632389
2024-09-12,1,0,1,0,0.9186789393424988,0.0,0.0,1.0,0.0,0.0,-0.18084861125264842
2024-09-13,2,0,2,0,0.9460472166538239,0.0,0.0,1.0,0.0,0.0,-0.11130659920828677
2024-09-16,1,0,1,0,0.9454753398895264,0.0,0.0,1.0,0.0,0.0,-0.04229675020490368
2024-09-17,1,0,1,0,0.9282301664352416,0.0,0.0,1.0,0.0,0.0,0.0
2024-09-18,2,0,1,1,0.9609962105751038,-0.4859198927879334,0.0,0.5,0.5,-0.16197329759597803,-0.06941712754113329
2024-09-19,1,0,1,0,0.9398909211158752,0.0,0.0,1.0,0.0,-0.16197329759597803,-0.06941712754113329
2024-09-20,1,0,0,1,0.922642469406128,-0.922642469406128,0.0,0.0,1.0,-0.4695207873980207,-0.20122319459915158
2024-09-22,1,0,1,0,0.9421330690383912,0.0,0.0,1.0,0.0,-0.3075474898020429,-0.20122319459915156
2024-09-23,1,0,1,0,0.9425005912780762,0.0,0.0,1.0,0.0,-0.3075474898020429,-0.20122319459915156
2024-09-24,3,0,2,1,0.955098569393158,-0.32437082131703693,0.0,0.6666666666666666,0.3333333333333333,-0.1081236071056792,-0.24756188335872828
2024-09-25,2,0,2,0,0.9445078670978546,0.0,0.0,1.0,0.0,-0.1081236071056792,-0.24756188335872828
2024-09-26,4,0,3,1,0.9458700120449066,-0.24156832695007324,0.0,0.75,0.25,-0.18864638275570358,-0.21265451681046255
2024-09-27,2,0,1,1,0.8217541873455048,-0.4771378934383392,0.0,0.5,0.5,-0.23956874012947105,-0.28081707301593956
2024-09-29,1,0,1,0,0.937959372997284,0.0,0.0,1.0,0.0,-0.23956874012947105,-0.14901100595792124
2024-09-30,1,0,1,0,0.938979148864746,0.0,0.0,1.0,0.0,-0.1590459644794466,-0.14901100595792124
2024-10-01,3,0,3,0,0.9287060697873434,0.0,0.0,1.0,0.0,0.0,-0.14901100595792124
2024-10-02,1,0,1,0,0.9425379037857056,0.0,0.0,1.0,0.0,0.0,-0.10267231719834456
2024-10-03,1,0,1,0,0.9315760135650636,0.0,0.0,1.0,0.0,0.0,-0.10267231719834455
2024-10-04,1,0,0,1,0.9375694394111632,-0.9375694394111632,0.0,0.0,1.0,-0.312523146470388,-0.20210104754992883
2024-10-08,2,0,2,0,0.9481931328773499,0.0,0.0,1.0,0.0,-0.312523146470388,-0.1339384913444518
2024-10-09,2,0,1,1,0.9305793046951294,-0.4600503146648407,0.0,0.5,0.5,-0.46587325135866814,-0.19965996486800047
2024-10-10,1,0,1,0,0.9404380917549132,0.0,0.0,1.0,0.0,-0.15335010488828046,-0.19965996486800047
2024-10-15,1,1,0,0,0.8242424726486206,0.8242424726486206,1.0,0.0,0.0,0.12139738599459308,-0.08191104020391182
2024-10-18,2,0,2,0,0.9288734793663025,0.0,0.0,1.0,0.0,0.2747474908828733,-0.08191104020391182
2024-10-22,1,0,1,0,0.8617488741874695,0.0,0.0,1.0,0.0,0.2747474908828733,-0.08191104020391182
2024-10-23,1,0,0,1,0.9602125883102416,-0.9602125883102416,0.0,0.0,1.0,-0.32007086277008073,-0.085145775760923
2024-10-24,2,0,1,1,0.9540456831455231,-0.4788044095039368,0.0,0.5,0.5,-0.47967233260472636,-0.15354640569005684
2024-10-25,5,0,4,1,0.9436280846595764,-0.18776015043258665,0.0,0.8,0.2,-0.5422590494155886,-0.11464781079973482
2024-10-27,2,0,2,0,0.9487658441066742,0.0,0.0,1.0,0.0,-0.22218818664550807,-0.11464781079973482
2024-10-28,1,0,0,1,0.9556211829185486,-0.9556211829185486,0.0,0.0,1.0,-0.38112711111704534,-0.3689140473093304
2024-10-29,3,0,2,1,0.9015269080797831,-0.316217044989268,0.0,0.6666666666666666,0.3333333333333333,-0.4239460759692724,-0.4140879108792258
2024-10-30,3,0,3,0,0.946609616279602,0.0,0.0,1.0,0.0,-0.4239460759692724,-0.4140879108792258
2024-11-05,2,0,2,0,0.952183336019516,0.0,0.0,1.0,0.0,-0.1054056816630896,-0.27691468397776275
2024-11-07,1,0,1,0,0.9231589436531068,0.0,0.0,1.0,0.0,0.0,-0.20851405404862894
2024-11-08,1,0,1,0,0.6954218149185181,0.0,0.0,1.0,0.0,0.0,-0.18169117541540228
2024-11-10,1,0,1,0,0.9380362033843994,0.0,0.0,1.0,0.0,0.0,-0.18169117541540228
2024-11-11,3,1,2,0,0.9436659614245096,0.31620059410731,0.3333333333333333,0.6666666666666666,0.0,0.10540019803576973,-2.350125993905954e-06
2024-11-14,2,0,2,0,0.9074758291244507,0.0,0.0,1.0,0.0,0.10540019803576973,0.04517151344390152
2024-11-15,1,0,0,1,0.8805505633354187,-0.8805505633354187,0.0,0.0,1.0,-0.18811665640936984,-0.080621424175444
2024-11-18,1,0,1,0,0.749920129776001,0.0,0.0,1.0,0.0,-0.29351685444513986,-0.080621424175444
2024-11-19,1,0,1,0,0.9471060037612916,0.0,0.0,1.0,0.0,-0.29351685444513986,-0.080621424175444
2024-11-20,2,0,2,0,0.9484483003616333,0.0,0.0,1.0,0.0,0.0,-0.080621424175444
2024-11-21,1,0,1,0,0.924497127532959,0.0,0.0,1.0,0.0,0.0,-0.080621424175444
2024-11-22,2,0,1,1,0.9447685480117798,-0.4744776487350464,0.0,0.5,0.5,-0.15815921624501575,-0.1935754588672092
2024-11-24,4,1,3,0,0.9001799821853638,0.19090677797794342,0.25,0.75,0.0,-0.09452362358570128,-0.1663030620132173
2024-11-25,1,0,1,0,0.8423569798469543,0.0,0.0,1.0,0.0,-0.09452362358570128,-0.040510124393871756
2024-11-26,3,0,3,0,0.9124637842178345,0.0,0.0,1.0,0.0,0.06363559265931418,-0.040510124393871756
2024-11-29,2,0,1,1,0.9390125274658203,-0.4701295495033264,0.0,0.5,0.5,-0.15670984983444244,-0.10767148860863267
2024-12-01,3,0,3,0,0.910947581132253,0.0,0.0,1.0,0.0,-0.15670984983444244,-0.10767148860863267
2024-12-02,1,0,1,0,0.9451186060905457,0.0,0.0,1.0,0.0,-0.15670984983444244,-0.10767148860863267
2024-12-03,2,0,2,0,0.8897650241851807,0.0,0.0,1.0,0.0,0.0,-0.039888967360768905
2024-12-04,3,0,3,0,0.9206286072731018,0.0,0.0,1.0,0.0,0.0,-0.06716136421476082
2024-12-05,3,0,3,0,0.8964158892631531,0.0,0.0,1.0,0.0,0.0,-0.06716136421476082
2024-12-06,4,0,3,1,0.8965197950601578,-0.2234371155500412,0.0,0.75,0.25,-0.0744790385166807,-0.09908095215048099
2024-12-08,2,0,2,0,0.9199177026748658,0.0,0.0,1.0,0.0,-0.0744790385166807,-0.03191958793572008
2024-12-09,2,0,2,0,0.9455001652240754,0.0,0.0,1.0,0.0,-0.0744790385166807,-0.03191958793572008
2024-12-10,1,0,1,0,0.9430508613586426,0.0,0.0,1.0,0.0,0.0,-0.03191958793572008
2024-12-11,3,0,3,0,0.9342774351437887,0.0,0.0,1.0,0.0,0.0,-0.03191958793572008
2024-12-12,2,0,2,0,0.9008839726448059,0.0,0.0,1.0,0.0,0.0,-0.03191958793572008
2024-12-13,5,0,4,1,0.9070311665534974,-0.1897186398506165,0.0,0.8,0.2,-0.06323954661687246,-0.059022250771522435
2024-12-15,1,0,1,0,0.8143255710601807,0.0,0.0,1.0,0.0,-0.06323954661687246,-0.02710266283580226
2024-12-16,4,0,3,1,0.9018775969743729,-0.2431844621896744,0.0,0.75,0.25,-0.1443010340134306,-0.06184330029147004
2024-12-17,6,0,4,2,0.9123016993204752,-0.2936018109321594,0.0,0.6666666666666666,0.3333333333333333,-0.17892875770727823,-0.10378641613892138
2024-12-18,6,0,6,0,0.8533252527316412,0.0,0.0,1.0,0.0,-0.17892875770727823,-0.10378641613892138
2024-12-19,7,0,6,1,0.8866700955799648,-0.13894084521702357,0.0,0.8571428571428571,0.14285714285714285,-0.1441808853830613,-0.12363510831278189
2024-12-20,5,0,4,1,0.9255056619644165,-0.19058187007904054,0.0,0.8,0.2,-0.10984090509868834,-0.1508610897526448
2024-12-21,1,0,1,0,0.9247342348098756,0.0,0.0,1.0,0.0,-0.10984090509868834,-0.12375842691684247
2024-12-22,3,0,3,0,0.9395495255788168,0.0,0.0,1.0,0.0,-0.06352729002634716,-0.12375842691684248
2024-12-23,2,0,2,0,0.9236186146736146,0.0,0.0,1.0,0.0,0.0,-0.0890177894611747
2024-12-27,2,0,1,1,0.9087706208229065,-0.4513750672340393,0.0,0.5,0.5,-0.15045835574468008,-0.11155682607572896
2025-01-02,1,0,1,0,0.9426560997962952,0.0,0.0,1.0,0.0,-0.15045835574468008,-0.11155682607572896
2025-01-03,3,0,1,2,0.777501622835795,-0.4654867649078369,0.0,0.3333333333333333,0.6666666666666666,-0.305620610713959,-0.1582062431744166
2025-01-05,1,0,1,0,0.9438912868499756,0.0,0.0,1.0,0.0,-0.1551622549692793,-0.13098026173455365
2025-01-06,1,0,1,0,0.6790583729743958,0.0,0.0,1.0,0.0,-0.1551622549692793,-0.13098026173455365
2025-01-12,4,0,3,1,0.9225381910800934,-0.2434389740228653,0.0,0.75,0.25,-0.08114632467428874,-0.16575725802353442
2025-01-13,1,0,1,0,0.9403088688850404,0.0,0.0,1.0,0.0,-0.08114632467428874,-0.16575725802353442
2025-01-14,1,0,1,0,0.9344202280044556,0.0,0.0,1.0,0.0,-0.08114632467428874,-0.10127510556152879
2025-01-15,1,0,0,1,0.947558045387268,-0.947558045387268,0.0,0.0,1.0,-0.3158526817957563,-0.23664054061685277
2025-01-16,1,0,0,1,0.9701970815658568,-0.9701970815658568,0.0,0.0,1.0,-0.6392517089843752,-0.3087420144251413
2025-01-17,1,0,0,1,0.9386578798294068,-0.9386578798294068,0.0,0.0,1.0,-0.9521376689275108,-0.4428359972579137
2025-01-19,2,0,1,1,0.928189605474472,-0.4557473063468933,0.0,0.5,0.5,-0.7882007559140526,-0.5079427553074699
2025-01-21,1,0,0,1,0.9720057845115662,-0.9720057845115662,0.0,0.0,1.0,-0.7888036568959557,-0.6120237282344272
2025-01-22,2,0,1,1,0.8404826521873474,-0.36784908175468445,0.0,0.5,0.5,-0.5985340575377149,-0.664573597056525
2025-01-23,1,0,1,0,0.9373387098312378,0.0,0.0,1.0,0.0,-0.44661828875541715,-0.664573597056525
2025-01-24,1,0,1,0,0.9392799735069276,0.0,0.0,1.0,0.0,-0.12261636058489511,-0.5292081620012009
2025-01-29,1,0,1,0,0.929561972618103,0.0,0.0,1.0,0.0,0.0,-0.39060857892036427
2025-01-31,1,0,0,1,0.919021725654602,-0.919021725654602,0.0,0.0,1.0,-0.30634057521820096,-0.3878034140382493
2025-02-04,1,0,1,0,0.9437220096588136,0.0,0.0,1.0,0.0,-0.30634057521820096,-0.3226966559886931
2025-02-06,2,0,2,0,0.8876047432422638,0.0,0.0,1.0,0.0,-0.30634057521820096,-0.18383868677275508
2025-02-07,3,0,2,1,0.9409473339716593,-0.30840520064036053,0.0,0.6666666666666666,0.3333333333333333,-0.10280173354678714,-0.17534670375642314
2025-02-11,2,0,2,0,0.9543774425983429,0.0,0.0,1.0,0.0,-0.10280173354678714,-0.17534670375642314
2025-02-13,1,1,0,0,0.7548402547836304,0.7548402547836304,1.0,0.0,0.0,0.148811684714423,-0.06751238164447594
2025-02-14,3,0,2,1,0.9558643698692322,-0.3196284174919128,0.0,0.6666666666666666,0.3333333333333333,0.14507061243057223,-0.11317358414332064
2025-02-20,1,0,1,0,0.7898106575012207,0.0,0.0,1.0,0.0,0.14507061243057223,0.01811523380733681
2025-02-21,1,0,1,0,0.9468052387237548,0.0,0.0,1.0,0.0,-0.1065428058306379,0.01811523380733681
2025-02-23,1,0,1,0,0.9295796751976012,0.0,0.0,1.0,0.0,0.0,0.01811523380733681
2025-02-24,2,0,2,0,0.8819191157817841,0.0,0.0,1.0,0.0,0.0,0.0621731196131026
2025-02-28,1,0,0,1,0.5725749731063843,-0.5725749731063843,0.0,0.0,1.0,-0.19085832436879505,-0.019623305116380867
2025-03-06,1,0,1,0,0.9455126523971558,0.0,0.0,1.0,0.0,-0.19085832436879505,-0.12745762722832807
2025-03-07,1,0,0,1,0.868963897228241,-0.868963897228241,0.0,0.0,1.0,-0.4805129567782087,-0.2059341243335178
2025-03-09,2,0,2,0,0.8874152600765228,0.0,0.0,1.0,0.0,-0.28965463240941397,-0.2059341243335178
2025-03-10,2,0,1,1,0.9485534727573395,-0.4859662652015686,0.0,0.5,0.5,-0.4516433874766035,-0.27535787650517046
2025-03-11,1,0,1,0,0.7730305790901184,0.0,0.0,1.0,0.0,-0.16198875506718982,-0.27535787650517046
2025-03-12,1,0,1,0,0.9307398200035096,0.0,0.0,1.0,0.0,-0.16198875506718982,-0.27535787650517046
2025-03-13,1,0,1,0,0.9147998094558716,0.0,0.0,1.0,0.0,0.0,-0.19356145177568698
2025-03-16,1,0,1,0,0.939696729183197,0.0,0.0,1.0,0.0,0.0,-0.19356145177568698
2025-03-21,3,0,2,1,0.8933558265368143,-0.3153662085533142,0.0,0.6666666666666666,0.3333333333333333,-0.1051220695177717,-0.11447606767926888
2025-03-23,2,0,1,1,0.9546830356121064,-0.4871206879615784,0.0,0.5,0.5,-0.26749563217163114,-0.18406473738806578
2025-03-24,1,0,0,1,0.898728609085083,-0.898728609085083,0.0,0.0,1.0,-0.5670718351999922,-0.24303078651428214
2025-03-28,1,0,0,1,0.9305463433265686,-0.9305463433265686,0.0,0.0,1.0,-0.7721318801244103,-0.3759659784180776
2025-03-31,1,0,1,0,0.9257295727729796,0.0,0.0,1.0,0.0,-0.6097583174705509,-0.3759659784180776
2025-04-04,1,0,0,1,0.9383101463317872,-0.9383101463317872,0.0,0.0,1.0,-0.6229521632194522,-0.5100102850369044
2025-04-06,1,0,1,0,0.9332361817359924,0.0,0.0,1.0,0.0,-0.3127700487772627,-0.5100102850369044
2025-04-07,1,0,1,0,0.8004605174064636,0.0,0.0,1.0,0.0,-0.3127700487772627,-0.4649579695292881
2025-04-09,1,0,1,0,0.949887990951538,0.0,0.0,1.0,0.0,0.0,-0.3953692998204912
2025-04-13,2,0,1,1,0.9150473773479462,-0.4483388364315033,0.0,0.5,0.5,-0.1494462788105014,-0.33102790372712265
2025-04-18,1,0,0,1,0.944718599319458,-0.944718599319458,0.0,0.0,1.0,-0.4643524785836541,-0.33305251172610684
2025-04-20,1,0,0,1,0.964687705039978,-0.964687705039978,0.0,0.0,1.0,-0.7859150469303134,-0.4708650410175323
2025-04-21,1,0,1,0,0.9572213292121888,0.0,0.0,1.0,0.0,-0.6364687681198123,-0.3368207343987056
2025-04-22,2,0,1,1,0.9613200426101685,-0.4840480983257294,0.0,0.5,0.5,-0.4829119344552361,-0.4059704627309526
2025-04-23,1,0,0,1,0.9638240337371826,-0.9638240337371826,0.0,0.0,1.0,-0.482624044020971,-0.543659610407693
2025-04-24,2,0,1,1,0.9511867761611938,-0.4773983955383301,0.0,0.5,0.5,-0.6417568425337477,-0.6118593811988831
2025-04-25,3,0,2,1,0.8816799918810526,-0.2507852117220561,0.0,0.6666666666666666,0.3333333333333333,-0.56400254699919,-0.5836374348118191
2025-04-27,1,0,0,1,0.967236578464508,-0.967236578464508,0.0,0.0,1.0,-0.5651400619082984,-0.5868542889753977
2025-04-28,2,0,1,1,0.954320877790451,-0.4830403923988342,0.0,0.5,0.5,-0.5670207275284663,-0.5180475300266628
2025-04-30,1,0,0,1,0.9707114696502686,-0.9707114696502686,0.0,0.0,1.0,-0.8069961468378706,-0.6567205971195583
2025-05-01,1,0,1,0,0.810937225818634,0.0,0.0,1.0,0.0,-0.4845839540163679,-0.5875708687873112
2025-05-02,1,0,0,1,0.9492309093475342,-0.9492309093475342,0.0,0.0,1.0,-0.6399807929992679,-0.5854861367316472
2025-05-06,1,0,1,0,0.9401177763938904,0.0,0.0,1.0,0.0,-0.316410303115845,-0.5172863659404572
2025-05-07,1,0,1,0,0.9448735117912292,0.0,0.0,1.0,0.0,-0.316410303115845,-0.4814599071230206
2025-05-09,1,0,0,1,0.9362399578094482,-0.9362399578094482,0.0,0.0,1.0,-0.31207998593648306,-0.47703181845801207
2025-05-11,1,0,1,0,0.7701377868652344,0.0,0.0,1.0,0.0,-0.31207998593648306,-0.4080260481153215
2025-05-12,1,0,1,0,0.9394882321357728,0.0,0.0,1.0,0.0,-0.31207998593648306,-0.26935298102242594
2025-05-14,1,0,1,0,0.9336093664169312,0.0,0.0,1.0,0.0,0.0,-0.26935298102242594
2025-05-15,1,0,1,0,0.9448126554489136,0.0,0.0,1.0,0.0,0.0,-0.13374856540134966
2025-05-16,3,0,2,1,0.9509282906850179,-0.3173847794532776,0.0,0.6666666666666666,0.3333333333333333,-0.10579492648442616,-0.17908924818038932
2025-05-18,1,0,0,1,0.9673222899436952,-0.9673222899436952,0.0,0.0,1.0,-0.4282356897989912,-0.31727814674377436
2025-05-19,1,0,0,1,0.8508904576301575,-0.8508904576301575,0.0,0.0,1.0,-0.711865842342377,-0.3050853610038757
2025-05-20,1,1,0,0,0.5836877226829529,0.5836877226829529,1.0,0.0,0.0,-0.4115083416303002,-0.22170140062059668
2025-05-21,2,0,1,1,0.9620776772499084,-0.4842641055583954,0.0,0.5,0.5,-0.2504889468352003,-0.29088198712893887
2025-05-22,1,0,0,1,0.8191986680030823,-0.8191986680030823,0.0,0.0,1.0,-0.23992501695950855,-0.40791036827223637
2025-05-23,1,0,0,1,0.9270155429840088,-0.9270155429840088,0.0,0.0,1.0,-0.7434927721818291,-0.5403411601270948
2025-05-25,2,0,1,1,0.9538672864437103,-0.4834940433502198,0.0,0.5,0.5,-0.7432360847791039,-0.564071054969515
2025-05-26,3,1,1,1,0.9386202096939087,-0.024508237838745117,0.3333333333333333,0.3333333333333333,0.3333333333333333,-0.47833927472432486,-0.4293833332402365
2025-05-27,1,0,0,1,0.833490788936615,-0.833490788936615,0.0,0.0,1.0,-0.4471643567085269,-0.42689766628401615
2025-05-28,3,0,2,1,0.8184293905893961,-0.22660807768503824,0.0,0.6666666666666666,0.3333333333333333,-0.36153570148679975,-0.5426542091937291
2025-05-29,1,0,1,0,0.9046621918678284,0.0,0.0,1.0,0.0,-0.3533662888738847,-0.47347362268538695
2025-05-30,1,0,0,1,0.9281933903694152,-0.9281933903694152,0.0,0.0,1.0,-0.38493382268481807,-0.4890442973091488
2025-06-02,2,1,1,0,0.7536165714263916,0.287140429019928,0.5,0.5,0.0,-0.21368432044982935,-0.31559344416572926
2025-06-03,2,0,1,1,0.961313784122467,-0.4863276779651642,0.0,0.5,0.5,-0.37579354643821744,-0.31599824911072133
2025-06-06,1,0,0,1,0.8771631121635437,-0.8771631121635437,0.0,0.0,1.0,-0.3587834537029269,-0.43780608829997825
2025-06-09,1,0,1,0,0.9500983953475952,0.0,0.0,1.0,0.0,-0.4544969300429029,-0.31873597559474753
2025-06-11,1,0,1,0,0.8348536491394043,0.0,0.0,1.0,0.0,-0.29238770405451486,-0.2863633930683135
2025-06-12,1,0,0,1,0.9654630422592164,-0.9654630422592164,0.0,0.0,1.0,-0.3218210140864058,-0.42428668481963017
2025-06-13,1,0,0,1,0.9255778193473816,-0.9255778193473816,0.0,0.0,1.0,-0.6303469538688663,-0.4239130318164825
2025-06-15,1,1,0,0,0.8745114207267761,0.8745114207267761,1.0,0.0,0.0,-0.3388431469599409,-0.3400028901440756
2025-06-16,1,0,1,0,0.9450917840003968,0.0,0.0,1.0,0.0,-0.01702213287353545,-0.27052750757762356
2025-06-19,1,0,1,0,0.9491256475448608,0.0,0.0,1.0,0.0,0.2915038069089251,-0.1452184915542602
2025-06-20,1,0,0,1,0.893110454082489,-0.893110454082489,0.0,0.0,1.0,-0.2977034846941633,-0.27280569928033005
2025-07-14,2,0,2,0,0.763261467218399,0.0,0.0,1.0,0.0,-0.2977034846941633,-0.27280569928033005
2025-07-16,1,0,0,1,0.932646632194519,-0.932646632194519,0.0,0.0,1.0,-0.6085856954256696,-0.268117640699659
2025-07-17,1,0,1,0,0.5075714588165283,0.0,0.0,1.0,0.0,-0.3108822107315066,-0.1358922379357473
2025-07-18,2,0,1,1,0.9523943066596985,-0.4779869616031646,0.0,0.5,0.5,-0.47021119793256155,-0.3291062925543103
2025-07-20,1,1,0,0,0.8954393267631531,0.8954393267631531,1.0,0.0,0.0,0.1391507883866625,-0.20118638873100272
2025-07-23,1,0,1,0,0.8327109217643738,0.0,0.0,1.0,0.0,0.1391507883866625,-0.20118638873100272
2025-07-25,1,0,0,1,0.9278462529182434,-0.9278462529182434,0.0,0.0,1.0,-0.01080230871836374,-0.20614864570753905
2025-07-27,1,0,1,0,0.5104625225067139,0.0,0.0,1.0,0.0,-0.30928208430608145,-0.20614864570753905
2025-08-03,1,0,1,0,0.9443066120147704,0.0,0.0,1.0,0.0,-0.30928208430608145,-0.07291341253689347
2025-08-06,1,0,1,0,0.848015308380127,0.0,0.0,1.0,0.0,0.0,-0.07291341253689347
2025-08-08,1,0,0,1,0.9519782066345216,-0.9519782066345216,0.0,0.0,1.0,-0.31732606887817416,-0.14062644754137305
2025-08-10,1,0,1,0,0.9112906455993652,0.0,0.0,1.0,0.0,-0.31732606887817416,-0.26854635136468064
2025-08-13,3,1,2,0,0.8990628719329834,0.2801142732302348,0.3333333333333333,0.6666666666666666,0.0,-0.2239546444680959,-0.22853002661750424
2025-08-15,1,0,0,1,0.957230269908905,-0.957230269908905,0.0,0.0,1.0,-0.22570533222622371,-0.2327277433304559
2025-08-19,2,0,2,0,0.9429960548877716,0.0,0.0,1.0,0.0,-0.22570533222622371,-0.2327277433304559
2025-08-22,1,0,0,1,0.955796718597412,-0.955796718597412,0.0,0.0,1.0,-0.6376756628354393,-0.36927013170151474
2025-08-27,2,1,1,0,0.9005272686481476,0.4478832483291626,0.5,0.5,0.0,-0.16930449008941675,-0.30528681051163437
2025-08-28,1,0,1,0,0.8585180044174194,0.0,0.0,1.0,0.0,-0.16930449008941675,-0.16928992384955985
2025-08-29,5,0,3,2,0.8801264762878418,-0.32242401838302615,0.0,0.6,0.4,0.04181974331537852,-0.2153504979042779
2025-08-31,1,0,1,0,0.9532973766326904,0.0,0.0,1.0,0.0,-0.10747467279434235,-0.2553668226514543
2025-09-01,2,0,2,0,0.788009762763977,0.0,0.0,1.0,0.0,-0.10747467279434235,-0.11861964123589641
2025-09-02,1,0,1,0,0.8824918270111084,0.0,0.0,1.0,0.0,0.0,-0.11861964123589641
2025-09-04,1,0,1,0,0.950687050819397,0.0,0.0,1.0,0.0,0.0,0.017922747135162446
2025-09-05,2,0,1,1,0.9533747136592864,-0.480937510728836,0.0,0.5,0.5,-0.16031250357627896,-0.11476593273026592
2025-09-07,2,0,2,0,0.7848763465881348,0.0,0.0,1.0,0.0,-0.16031250357627896,-0.11476593273026592
2025-09-10,1,0,0,1,0.8423271179199219,-0.8423271179199219,0.0,0.0,1.0,-0.4410882095495863,-0.1890378040926796
2025-09-12,1,0,0,1,0.6038070321083069,-0.6038070321083069,0.0,0.0,1.0,-0.48204471667607657,-0.2752959515367234
2025-09-15,1,0,1,0,0.9514509439468384,0.0,0.0,1.0,0.0,-0.48204471667607657,-0.2752959515367234
2025-09-16,3,0,1,2,0.8659187952677408,-0.624196986357371,0.0,0.3333333333333333,0.6666666666666666,-0.4093346728218929,-0.3644669495877765
2025-09-17,1,1,0,0,0.6381421089172363,0.6381421089172363,1.0,0.0,0.0,0.0046483741866214885,-0.2733037911710284
2025-09-18,3,0,3,0,0.9461183746655782,0.0,0.0,1.0,0.0,0.0046483741866214885,-0.20459843249548038
2025-09-21,1,0,1,0,0.9430856108665466,0.0,0.0,1.0,0.0,0.21271403630574515,-0.20459843249548038
2025-09-22,1,0,1,0,0.9320194125175476,0.0,0.0,1.0,0.0,0.0,-0.08426598707834868
2025-09-24,1,0,1,0,0.9362382888793944,0.0,0.0,1.0,0.0,0.0,0.0019921603656951614
2025-09-25,1,0,1,0,0.9411303400993348,0.0,0.0,1.0,0.0,0.0,0.0019921603656951614
2025-09-26,3,0,2,1,0.9315687219301859,-0.31315857172012335,0.0,0.6666666666666666,0.3333333333333333,-0.10438619057337474,0.04642621959958768
2025-09-28,1,0,1,0,0.9300596714019777,0.0,0.0,1.0,0.0,-0.10438619057337474,-0.044736938817160364
2025-09-29,1,0,1,0,0.937581181526184,0.0,0.0,1.0,0.0,-0.10438619057337474,-0.044736938817160364
2025-10-04,1,0,0,1,0.5561148524284363,-0.5561148524284363,0.0,0.0,1.0,-0.18537161747614572,-0.12418191773550842
2025-10-06,4,0,0,4,0.8638277351856232,-0.8638277351856232,0.0,0.0,1.0,-0.4733141958713534,-0.24758587990488315
2025-10-08,5,0,1,4,0.9332469344139099,-0.759913420677185,0.0,0.2,0.8,-0.7266186694304152,-0.35614494000162383
2025-10-09,1,0,0,1,0.9491206407546996,-0.9491206407546996,0.0,0.0,1.0,-0.8576205988725029,-0.491733602966581
2025-10-10,1,0,0,1,0.9108466506004332,-0.9108466506004332,0.0,0.0,1.0,-0.8732935706774395,-0.5771176142351966
2025-10-13,2,0,1,1,0.9151285290718079,-0.4596695899963379,0.0,0.5,0.5,-0.7732122937838238,-0.6427846985203878
2025-10-14,1,1,0,0,0.5097905397415161,0.5097905397415161,1.0,0.0,0.0,-0.286908566951752,-0.569957478557314
2025-10-16,1,0,1,0,0.938004195690155,0.0,0.0,1.0,0.0,0.016706983248392444,-0.49051249963896604
2025-10-17,3,0,1,2,0.854613741238912,-0.5444071094195048,0.0,0.3333333333333333,0.6666666666666666,-0.011538856559329846,-0.44488098167237766
2025-10-20,1,0,1,0,0.9384506940841676,0.0,0.0,1.0,0.0,-0.18146903647316856,-0.33632192157563695
2025-10-26,2,0,1,1,0.8438409864902496,-0.37892889976501465,0.0,0.5,0.5,-0.3077786697281734,-0.25486595857711053
2025-10-27,1,0,1,0,0.9108009338378906,0.0,0.0,1.0,0.0,-0.1263096332550052,-0.12474500849133437
2025-10-29,2,0,2,0,0.9310734570026398,0.0,0.0,1.0,0.0,-0.1263096332550052,-0.05907792420614323
2025-10-30,2,0,2,0,0.9393832385540009,0.0,0.0,1.0,0.0,0.0,-0.13190514416921698
2025-10-31,1,0,0,1,0.9371029138565063,-0.9371029138565063,0.0,0.0,1.0,-0.3123676379521691,-0.2657769890058607
2025-11-02,1,0,1,0,0.9490047693252563,0.0,0.0,1.0,0.0,-0.3123676379521691,-0.18800454480307435
2025-11-03,1,0,1,0,0.948409378528595,0.0,0.0,1.0,0.0,-0.3123676379521691,-0.18800454480307435
2025-11-05,1,0,1,0,0.9496154189109802,0.0,0.0,1.0,0.0,0.0,-0.13387184483664366
2025-11-06,1,0,1,0,0.936537742614746,0.0,0.0,1.0,0.0,0.0,-0.13387184483664366
2025-11-07,2,0,1,1,0.9507717788219452,-0.474009096622467,0.0,0.5,0.5,-0.1580030322074893,-0.20158743006842467
2025-11-09,4,0,4,0,0.9287742674350739,0.0,0.0,1.0,0.0,-0.1580030322074893,-0.20158743006842467
2025-11-11,2,0,2,0,0.929741621017456,0.0,0.0,1.0,0.0,-0.1580030322074893,-0.06771558523178091
2025-11-12,2,0,2,0,0.9108313918113708,0.0,0.0,1.0,0.0,0.0,-0.06771558523178091
2025-11-13,1,0,1,0,0.9390738606452942,0.0,0.0,1.0,0.0,0.0,-0.06771558523178091
2025-11-14,1,0,0,1,0.9375174641609192,-0.9375174641609192,0.0,0.0,1.0,-0.31250582138697336,-0.20164665154048364
2025-11-16,5,0,5,0,0.929856026172638,0.0,0.0,1.0,0.0,-0.31250582138697336,-0.20164665154048364
2025-11-17,1,0,1,0,0.9403024911880492,0.0,0.0,1.0,0.0,-0.31250582138697336,-0.13393106630870263
2025-11-20,3,0,2,1,0.9386812249819437,-0.3085579474767049,0.0,0.6666666666666666,0.3333333333333333,-0.10285264915890192,-0.17801077309108906
2025-11-21,2,0,1,1,0.8833371102809906,-0.4762658774852752,0.0,0.5,0.5,-0.26160794165399365,-0.2460487555889855
2025-11-23,2,0,2,0,0.8951564729213715,0.0,0.0,1.0,0.0,-0.26160794165399365,-0.2460487555889855
2025-11-25,4,0,4,0,0.9227662980556488,0.0,0.0,1.0,0.0,-0.15875529249509204,-0.2460487555889855
2025-11-26,1,0,1,0,0.9519574642181396,0.0,0.0,1.0,0.0,0.0,-0.11211768928028278
2025-11-27,3,0,3,0,0.9319169521331787,0.0,0.0,1.0,0.0,0.0,-0.11211768928028278
2025-11-28,2,0,1,1,0.9412135481834412,-0.4697908461093902,0.0,0.5,0.5,-0.15659694870313037,-0.17923066729590995
2025-11-30,1,0,1,0,0.8842687010765076,0.0,0.0,1.0,0.0,-0.15659694870313037,-0.13515096051352354
2025-12-01,1,0,1,0,0.9505252838134766,0.0,0.0,1.0,0.0,-0.15659694870313037,-0.06711297801562707
2025-12-02,1,0,1,0,0.9538784027099608,0.0,0.0,1.0,0.0,0.0,-0.06711297801562707
2025-12-04,1,0,1,0,0.8390823006629944,0.0,0.0,1.0,0.0,0.0,-0.06711297801562707
2025-12-05,1,0,0,1,0.9553661942481996,-0.9553661942481996,0.0,0.0,1.0,-0.3184553980827335,-0.203593862908227
2025-12-11,1,0,1,0,0.9446467757225036,0.0,0.0,1.0,0.0,-0.3184553980827335,-0.20359386290822704
2025-12-12,5,0,4,1,0.9224371790885926,-0.18760889768600464,0.0,0.8,0.2,-0.38099169731140164,-0.16328215599060053
2025-12-14,1,0,1,0,0.9434767961502076,0.0,0.0,1.0,0.0,-0.0625362992286685,-0.16328215599060053
2025-12-17,2,0,1,1,0.9331180453300476,-0.4599723517894745,0.0,0.5,0.5,-0.21586041649182666,-0.22899249196052546
2025-12-18,5,0,5,0,0.9447005629539488,0.0,0.0,1.0,0.0,-0.15332411726315845,-0.22899249196052546
2025-12-19,3,0,2,1,0.9375436107317606,-0.3177408774693807,0.0,0.6666666666666666,0.3333333333333333,-0.25923774308628533,-0.2743840458847227
2025-12-21,8,0,8,0,0.9364490434527397,0.0,0.0,1.0,0.0,-0.10591362582312719,-0.13790316099212277
2025-12-22,2,0,2,0,0.9462105929851532,0.0,0.0,1.0,0.0,-0.10591362582312719,-0.13790316099212277
2025-12-23,4,0,4,0,0.9435911476612091,0.0,0.0,1.0,0.0,0.0,-0.11110188989412209
2025-12-24,1,0,1,0,0.8608072400093079,0.0,0.0,1.0,0.0,0.0,-0.11110188989412209
2025-12-25,1,0,1,0,0.9253900647163392,0.0,0.0,1.0,0.0,0.0,-0.04539155392419716
2025-12-26,1,0,0,1,0.9627131819725036,-0.9627131819725036,0.0,0.0,1.0,-0.3209043939908348,-0.18292200849169765
2025-12-28,2,0,2,0,0.8533514440059662,0.0,0.0,1.0,0.0,-0.3209043939908348,-0.13753045456750043
2025-12-29,1,0,1,0,0.9224501848220824,0.0,0.0,1.0,0.0,-0.3209043939908348,-0.13753045456750043
2025-12-30,1,0,1,0,0.9456588625907898,0.0,0.0,1.0,0.0,0.0,-0.13753045456750043
2026-01-01,1,0,0,1,0.8307790756225586,-0.8307790756225586,0.0,0.0,1.0,-0.2769263585408532,-0.25621317965643736
2026-01-02,2,0,1,1,0.943810373544693,-0.4752024412155152,0.0,0.5,0.5,-0.4353271722793582,-0.3240992426872253
2026-01-05,4,0,3,1,0.8902112990617752,-0.232136145234108,0.0,0.75,0.25,-0.5127058873573942,-0.3572615491492407
2026-01-06,4,0,1,3,0.7569796144962311,-0.5229378342628479,0.0,0.25,0.75,-0.41009214023749063,-0.29443649947643274
2026-01-07,1,0,1,0,0.819284975528717,0.0,0.0,1.0,0.0,-0.2516913264989856,-0.29443649947643274
2026-01-08,1,0,1,0,0.840881884098053,0.0,0.0,1.0,0.0,-0.1743126114209496,-0.29443649947643274
2026-01-09,2,0,1,1,0.7143088430166245,-0.241813525557518,0.0,0.5,0.5,-0.08060450851917296,-0.32898128884179245
2026-01-11,1,0,1,0,0.9366555213928224,0.0,0.0,1.0,0.0,-0.08060450851917296,-0.21029856375285552
2026-01-12,1,0,0,1,0.9134622812271118,-0.9134622812271118,0.0,0.0,1.0,-0.3850919355948769,-0.2729071123259407
2026-01-15,2,0,2,0,0.9073352515697479,0.0,0.0,1.0,0.0,-0.30448742707570425,-0.23974480586392533
2026-01-16,5,0,4,1,0.7596330761909484,-0.1117335319519043,0.0,0.8,0.2,-0.34173193772633903,-0.1810013341052191
2026-01-18,5,1,4,0,0.8611732125282288,0.13711469173431395,0.2,0.8,0.0,0.008460386594136254,-0.1614135210003171
2026-01-19,7,1,3,3,0.7880124279430935,-0.17813523326601302,0.14285714285714285,0.42857142857142855,0.42857142857142855,-0.05091802449453475,-0.18686141146689036
2026-01-20,4,1,3,0,0.8840321749448776,0.1917971968650818,0.25,0.75,0.0,0.05025888511112728,-0.12491702254937616
2026-01-21,8,1,6,1,0.8377223014831543,-0.0279080867767334,0.125,0.75,0.125,-0.004748707725888507,-0.12890389208890948
2026-01-22,2,0,2,0,0.8625822365283966,0.0,0.0,1.0,0.0,0.0546297033627825,0.0015907195149636375
2026-01-23,1,0,1,0,0.5660654902458191,0.0,0.0,1.0,0.0,-0.009302695592244762,0.0015907195149636375
2026-01-25,3,1,1,1,0.8461565574010214,0.08096448580423991,0.3333333333333333,0.3333333333333333,0.3333333333333333,0.026988161934746343,0.029119007765841382
2026-01-26,9,3,6,0,0.8811917901039124,0.2719707091649373,0.3333333333333333,0.6666666666666666,0.0,0.11764506498972545,0.04838415311307329
2026-01-27,8,3,2,3,0.8799069821834564,0.045491307973861694,0.375,0.25,0.375,0.132808834314346,0.08033080186162682
2026-01-28,11,3,3,5,0.8436839255419645,-0.19181142070076682,0.2727272727272727,0.2727272727272727,0.45454545454545453,0.041883532146010434,0.02552957078079131
2026-01-29,12,5,4,3,0.9019060581922531,0.11462227006753285,0.4166666666666667,0.3333333333333333,0.25,-0.010565947553124386,0.0458910503299722
2026-01-30,7,2,2,3,0.8597185441425869,-0.08511652265276226,0.2857142857142857,0.2857142857142857,0.42857142857142855,-0.054101891095332366,0.0337315470938633
2026-02-01,6,1,3,2,0.8848987321058909,-0.13661170005798343,0.16666666666666666,0.5,0.3333333333333333,-0.03570198421440458,0.014215589942722817
2026-02-02,7,4,2,1,0.8375419207981655,0.3243181790624346,0.5714285714285714,0.2857142857142857,0.14285714285714285,0.03419665211722933,0.048980403265322055
2026-02-03,6,1,5,0,0.8384443918863932,0.15199745694796246,0.16666666666666666,0.8333333333333334,0.0,0.1132346453174709,0.031841367234325645
2026-02-04,9,2,7,0,0.8246122929784987,0.12988031572765774,0.2222222222222222,0.7777777777777778,0.0,0.20206531724601798,0.043896939770582226
2026-02-05,8,5,2,1,0.7751612514257431,0.3616383820772171,0.625,0.25,0.125,0.21450538491761215,0.12296119731029422
2026-02-06,9,3,4,2,0.8800435927179124,0.044248011377122656,0.3333333333333333,0.4444444444444444,0.2222222222222222,0.17858890306066555,0.11290773178309275
2026-02-08,8,3,4,1,0.8612308576703072,0.1927337571978569,0.375,0.5,0.125,0.1995400502173986,0.1526006289046098
2026-02-09,4,1,3,0,0.8583226948976517,0.1699831634759903,0.25,0.75,0.0,0.13565497735032297,0.1963998951237489
2026-02-10,8,3,1,4,0.8938623517751694,-0.10859911888837816,0.375,0.125,0.5,0.0847059339284894,0.13455456684506134
2026-02-11,11,4,6,1,0.8398977843197909,0.18044108152389524,0.36363636363636365,0.5454545454545454,0.09090909090909091,0.08060837537050215,0.13861794178448034
2026-02-12,11,3,2,6,0.8226953094655817,-0.24837048487229782,0.2727272727272727,0.18181818181818182,0.5454545454545454,-0.05884284074559388,0.0845821131273438
2026-02-13,11,0,8,3,0.8321988392959941,-0.1938198669390245,0.0,0.7272727272727273,0.2727272727272727,-0.087249756762476,0.005230934696452146
2026-02-15,5,1,4,0,0.8680871248245239,0.17102159261703492,0.2,0.8,0.0,-0.09038958639809609,0.0233414463021539
2026-02-16,9,0,8,1,0.846042619811164,-0.091067373752594,0.0,0.8888888888888888,0.1111111111111111,-0.03795521602486149,-0.01720157240505337
2026-02-17,7,0,5,2,0.830416100365775,-0.20543309620448522,0.0,0.7142857142857143,0.2857142857142857,-0.04182629244668173,-0.0708324666451213
2026-02-18,4,1,3,0,0.7745810151100159,0.13872195780277252,0.25,0.75,0.0,-0.0525928373847692,-0.0355008842606712
2026-02-20,6,3,2,1,0.7624785701433817,0.2826115091641744,0.5,0.3333333333333333,0.16666666666666666,0.0719667902541536,-0.020905108883488472
2026-02-22,6,1,4,1,0.7821900149186453,0.021684815486272175,0.16666666666666666,0.6666666666666666,0.16666666666666666,0.1476727608177394,0.01767421973916439
2026-02-23,7,1,5,1,0.7789670825004578,-0.0014227117810930525,0.14285714285714285,0.7142857142857143,0.14285714285714285,0.10095787095645087,0.045159527618868885
2026-02-24,4,2,2,0,0.8118464350700378,0.3906848877668381,0.5,0.5,0.0,0.1369823304906721,0.07653999835455505
2026-02-25,5,1,3,1,0.8379033327102661,-0.0698160171508789,0.2,0.6,0.2,0.1064820529449551,0.07957590644051435
2026-02-26,5,0,5,0,0.8934975743293763,0.0,0.0,1.0,0.0,0.10695629020531942,0.10892349161258366
2026-02-27,6,1,3,2,0.8690910240014394,-0.1952808698018392,0.16666666666666666,0.5,0.3333333333333333,-0.08836562898423966,0.061208801954782
2026-03-01,11,0,10,1,0.8688714179125699,-0.06436183235862038,0.0,0.9090909090909091,0.09090909090909091,-0.08654756738682017,0.011641181737239879
2026-03-02,3,1,2,0,0.8300214409828186,0.2131843368212382,0.3333333333333333,0.6666666666666666,0.0,-0.015486121779740755,0.038998256213663596
2026-03-03,5,1,4,0,0.8872419357299804,0.17102159261703492,0.2,0.8,0.0,0.10661469902655063,0.06363315684196759
2026-03-04,7,1,4,2,0.7384569815226963,-0.14558638845171248,0.14285714285714285,0.5714285714285714,0.2857142857142857,0.07953984699551991,-0.012977025474968203
2026-03-05,11,0,11,0,0.8833426833152771,0.0,0.0,1.0,0.0,0.008478401388440526,-0.0030033087391283598
2026-03-06,13,2,10,1,0.8379310598740211,0.03820240497589112,0.15384615384615385,0.7692307692307693,0.07692307692307693,-0.03579466115860741,0.002454177685998943
2026-03-07,22,6,14,2,0.7491092180663889,0.14049357175827026,0.2727272727272727,0.6363636363636364,0.09090909090909091,0.0595653255780535,0.05042195505172886
2026-03-08,16,2,13,1,0.7888684887439013,0.039472950622439384,0.125,0.8125,0.0625,0.0727229757855333,0.06525549547759454
2026-03-09,15,1,10,4,0.7379452685515085,-0.12961196104685466,0.06666666666666667,0.6666666666666666,0.26666666666666666,0.016784853777951376,0.016284595782152713
2026-03-10,2,1,1,0,0.7761836349964142,0.3197765052318573,0.5,0.5,0.0,0.0765458316024804,0.0375352975842702
2026-03-11,8,2,5,1,0.8986464738845825,0.1116774007678032,0.25,0.625,0.125,0.10061398165093499,0.07428726747277244
2026-03-12,8,0,7,1,0.8886032104492188,-0.08696990460157394,0.0,0.875,0.125,0.11482800046602855,0.0618629953868333
2026-03-13,11,0,6,5,0.8599056709896434,-0.38266466422514483,0.0,0.5454545454545454,0.45454545454545453,-0.11931905601963883,0.0017391283581138744
2026-03-15,14,0,11,3,0.8711148628166744,-0.16469883918762207,0.0,0.7857142857142857,0.21428571428571427,-0.2114444693381139,-0.04185978749129931
2026-03-16,9,3,4,2,0.8119158016310798,0.055225683583153606,0.3333333333333333,0.4444444444444444,0.2222222222222222,-0.16404593994320474,-0.03960939706834014
2026-03-17,5,0,5,0,0.8340127229690552,0.0,0.0,1.0,0.0,-0.03649105186815645,-0.021093402633075187
2026-03-18,5,0,2,3,0.7104003667831421,-0.37458459138870237,0.0,0.4,0.6,-0.10645296926851655,-0.12028784500744084
2026-03-19,9,1,4,4,0.8985477023654513,-0.2854341334766812,0.1111111111111111,0.4444444444444444,0.4444444444444444,-0.2200062416217948,-0.17701806418522434
2026-03-20,7,1,4,2,0.8058927484921047,-0.20603653362819127,0.14285714285714285,0.5714285714285714,0.2857142857142857,-0.2886850861645252,-0.19402758261759825
2026-03-22,11,2,3,6,0.818595599044453,-0.34233479608188977,0.18181818181818182,0.2727272727272727,0.5454545454545454,-0.2779351543955877,-0.1882661728828475
2026-03-23,8,2,3,3,0.8281978294253349,-0.03297484666109085,0.25,0.375,0.375,-0.1937820587903909,-0.16944845966477162
2026-03-24,11,3,4,4,0.8508187749169089,-0.1250278732993386,0.2727272727272727,0.36363636363636365,0.36363636363636365,-0.16677917201410672,-0.19519896779084192
2026-03-25,11,2,8,1,0.8268947709690441,0.02585577422922308,0.18181818181818182,0.7272727272727273,0.09090909090909091,-0.044048981910402414,-0.1915052857580958
2026-03-26,15,2,10,3,0.9001843730608622,-0.08683565855026246,0.13333333333333333,0.6666666666666666,0.2,-0.062002585873459616,-0.15039829535260438
2026-03-27,6,0,5,1,0.8955260217189789,-0.15802345673243207,0.0,0.8333333333333334,0.16666666666666666,-0.07300111368449078,-0.13219677010342593
2026-03-28,1,0,0,1,0.8551061749458313,-0.8551061749458313,0.0,0.0,1.0,-0.3666550967428422,-0.2249210045773745
2026-03-29,12,2,8,2,0.8926861435174942,-0.020960296193758637,0.16666666666666666,0.6666666666666666,0.16666666666666666,-0.3446966426240076,-0.1790103617362129
2026-03-30,8,1,4,3,0.7796309441328049,-0.1402212232351303,0.125,0.5,0.375,-0.33876256479157374,-0.19433127267536143
2026-03-31,14,1,10,3,0.8800040440899985,-0.15330153277942116,0.07142857142857142,0.7142857142857143,0.21428571428571427,-0.10482768406943699,-0.1983703668868018
2026-04-01,15,2,9,4,0.8520549217859904,-0.12816006342569988,0.13333333333333333,0.6,0.26666666666666666,-0.1405609398134174,-0.22037262940893362
2026-04-02,10,0,5,5,0.8686394214630127,-0.4318572223186493,0.0,0.5,0.5,-0.23777293950792375,-0.2696614242329889
2026-04-03,8,2,4,2,0.8009722903370857,0.013780973851680756,0.25,0.5,0.25,-0.18207877063088976,-0.2451179341495442
2026-04-05,16,1,11,4,0.8591107279062271,-0.1928420290350914,0.0625,0.6875,0.25,-0.20363942583402028,-0.15050877044800992
2026-04-06,14,4,9,1,0.8633197886603219,0.13760608434677124,0.2857142857142857,0.6428571428571429,0.07142857142857142,-0.013818323612213431,-0.12785643037079136
2026-04-07,12,2,8,2,0.8769335548082987,-0.010792121291160603,0.16666666666666666,0.6666666666666666,0.16666666666666666,-0.022009355326493882,-0.10936655866450999
2026-04-08,17,4,9,4,0.8226953183903414,0.006444636513205142,0.23529411764705882,0.5294117647058824,0.23529411764705882,0.044419533189604975,-0.08654567733699195
2026-04-09,10,1,7,2,0.858659851551056,-0.06642831563949586,0.1,0.7,0.2,-0.023591933472484065,-0.0777268562246771
2026-04-10,14,4,8,2,0.8771035330636161,0.08733998451914106,0.2857142857142857,0.5714285714285714,0.14285714285714285,0.009118768464283155,-0.0035558266764213176
2026-04-12,6,1,4,1,0.7924363513787588,0.020801434914271038,0.16666666666666666,0.6666666666666666,0.16666666666666666,0.013904367931305122,-0.0025529036674798488
2026-04-13,8,0,5,3,0.9275507777929306,-0.3589511066675186,0.0,0.625,0.375,-0.0836032290780358,-0.026282771900683736
2026-04-14,1,0,1,0,0.93209046125412,0.0,0.0,1.0,0.0,-0.11271655725108282,-0.04594078395022248
2026-04-15,8,0,7,1,0.8491066172719002,-0.10873225331306458,0.0,0.875,0.125,-0.15589445332686136,-0.05993223138192305
2026-04-16,15,6,6,3,0.8504643479983012,0.14761457840601602,0.4,0.4,0.2,0.01296077503098352,-0.039765096825807214
2026-04-17,1,0,1,0,0.6476427912712097,0.0,0.0,1.0,0.0,0.01296077503098352,-0.030275337448736374
2026-04-19,7,2,3,2,0.8928503308977399,-0.03857530866350446,0.2857142857142857,0.42857142857142855,0.2857142857142857,0.036346423247503555,-0.048263236474828594
2026-04-20,13,0,11,2,0.8520131753041194,-0.12671503653893104,0.0,0.8461538461538461,0.15384615384615385,-0.05509678173414547,-0.06933701811100032
2026-04-21,13,2,8,3,0.8417471738962027,-0.06871666816564706,0.15384615384615385,0.6153846153846154,0.23076923076923078,-0.07800233778936115,-0.027874955467875807
2026-04-22,10,2,6,2,0.8515745282173157,0.03873996734619138,0.2,0.6,0.2,-0.05223057911946253,-0.022340674418419897
2026-04-23,7,2,3,2,0.8081118038722447,-0.054669031075068895,0.2857142857142857,0.42857142857142855,0.2857142857142857,-0.028215243964841808,-0.014617356955849084
2026-04-24,12,4,7,1,0.8817334572474161,0.22220136721928915,0.3333333333333333,0.5833333333333334,0.08333333333333333,0.06875743449680359,-0.00396210141109578
2026-04-26,5,2,2,1,0.799377167224884,0.2540026307106018,0.4,0.4,0.2,0.14051165561827375,0.03232398869041876
2026-04-27,15,2,10,3,0.8842941562334696,-0.0794561266899109,0.13333333333333333,0.6666666666666666,0.2,0.13224929041332642,0.02648387182950356
2026-04-28,14,7,4,3,0.874625951051712,0.2444143295288086,0.5,0.2857142857142857,0.21428571428571427,0.13965361118316622,0.07950235269632351
2026-04-29,10,2,4,4,0.8992161989212036,-0.16453115344047547,0.2,0.4,0.4,0.00014234979947378804,0.06581456908563373
2026-04-30,18,1,10,7,0.8623499191469617,-0.2940125846200519,0.05555555555555555,0.5555555555555556,0.3888888888888889,-0.07137646951057322,0.018278490233313262
2026-05-01,6,0,6,0,0.9105572203795115,0.0,0.0,1.0,0.0,-0.15284791268684275,0.02608835181546596
2026-05-03,7,1,2,4,0.8226791066782815,-0.29820423892566134,0.14285714285714285,0.2857142857142857,0.5714285714285714,-0.1974056078485714,-0.04825530620524125
2026-05-04,13,3,6,4,0.8408449200483469,-0.04724866151809692,0.23076923076923078,0.46153846153846156,0.3076923076923077,-0.11515096681458638,-0.09129120509505537
2026-05-05,10,1,5,4,0.8536461412906646,-0.26869062185287473,0.1,0.5,0.4,-0.20471450743221128,-0.11832470440405018
2026-05-06,12,4,6,2,0.8854486097892126,0.13985231518745422,0.3333333333333333,0.5,0.16666666666666666,-0.058695656061172774,-0.1332621350242437
2026-05-07,10,3,6,1,0.7741034299135208,0.08468194305896759,0.3,0.6,0.1,-0.014718787868817937,-0.0976602640957518
2026-05-08,12,6,3,3,0.8282194981972376,0.15603935718536377,0.5,0.25,0.25,0.1268578718105949,-0.03336712955212099
2026-05-10,9,0,6,3,0.9077431890699599,-0.30747902393341064,0.0,0.6666666666666666,0.3333333333333333,-0.022252574563026723,-0.07729270439975108
2026-05-11,18,1,16,1,0.8419470025433434,0.021398299270206027,0.05555555555555555,0.8888888888888888,0.05555555555555555,-0.04334712249261391,-0.0316351989431986
2026-05-12,10,4,5,1,0.8973036885261536,0.24596217274665833,0.4,0.5,0.1,-0.013372850638849057,0.01025206309462358
2026-05-13,14,3,8,3,0.8494434356689453,0.013454318046569824,0.21428571428571427,0.5714285714285714,0.21428571428571427,0.09360493002114444,0.050558483080258516
2026-05-14,12,1,8,3,0.8866088390350342,-0.13277062276999155,0.08333333333333333,0.6666666666666666,0.25,0.04221528934107857,0.011612349086337693
2026-05-15,13,1,7,5,0.8221933016410241,-0.2746549340394827,0.07692307692307693,0.5384615384615384,0.38461538461538464,-0.13132374625430177,-0.0397214904991552
2026-05-17,4,0,1,3,0.8381752371788025,-0.6026535183191299,0.0,0.25,0.75,-0.33669302504286835,-0.14810618699979713
2026-05-18,14,3,7,4,0.8280562119824546,-0.039976967232567925,0.21428571428571427,0.5,0.2857142857142857,-0.3057618065303938,-0.10989160747110535
2026-05-19,11,1,7,3,0.8539203947240656,-0.20380772785706955,0.09090909090909091,0.6363636363636364,0.2727272727272727,-0.28214607113625606,-0.14206389706071615
2026-05-20,10,2,6,2,0.8744493782520294,0.026906877756118764,0.2,0.6,0.2,-0.07229260577783986,-0.17335751063079322
2026-05-21,8,2,1,5,0.8359530419111252,-0.3139623999595642,0.25,0.125,0.625,-0.16362108335350528,-0.22013132748881237
2026-05-22,11,2,5,4,0.8643719879063693,-0.12368379939686168,0.18181818181818182,0.45454545454545453,0.36363636363636365,-0.13691310720010266,-0.21883320986407953
2026-05-24,11,1,7,3,0.8378422097726301,-0.16946279460733588,0.09090909090909091,0.6363636363636364,0.2727272727272727,-0.20236966465458753,-0.20380576137377285
2026-05-25,7,1,5,1,0.8881715621267047,-0.001730322837829574,0.14285714285714285,0.7142857142857143,0.14285714285714285,-0.09829230561400935,-0.11795959059072993
2026-05-26,11,0,9,2,0.8678270415826277,-0.14673489332199097,0.0,0.8181818181818182,0.18181818181818182,-0.10597600358905242,-0.13321072288921892
2026-05-27,11,3,4,4,0.8518851616165855,-0.08105745098807596,0.2727272727272727,0.36363636363636365,0.36363636363636365,-0.07650755571596579,-0.11567496905079129
2026-05-28,7,2,1,4,0.8527830924306598,-0.29445100682122366,0.2857142857142857,0.14285714285714285,0.5714285714285714,-0.17408111704376383,-0.16158323827612592
2026-05-29,23,5,16,2,0.8525872515595477,0.09020209830740224,0.21739130434782608,0.6956521739130435,0.08695652173913043,-0.09510211983396609,-0.1038454528094164
2026-05-31,2,0,1,1,0.5463709831237793,-0.2901003360748291,0.0,0.5,0.5,-0.16478308152955046,-0.12761924376341177
2026-06-01,10,1,6,3,0.7384827136993408,-0.15818246006965636,0.1,0.6,0.3,-0.11936023261236135,-0.12600776740088612
2026-06-02,16,3,10,3,0.8606750257313251,-0.009741250425577164,0.1875,0.625,0.1875,-0.15267468219002114,-0.1271521856277072
2026-06-03,10,4,5,1,0.8450133085250855,0.25739296078681945,0.4,0.5,0.1,0.029823083430528363,-0.06941963504073428
2026-06-04,9,1,5,3,0.876246088080936,-0.18317632542716134,0.1111111111111111,0.5555555555555556,0.3333333333333333,0.021491794978026706,-0.08400804567488936
2026-06-05,12,0,7,5,0.877307171622912,-0.36352575818697613,0.0,0.5833333333333334,0.4166666666666667,-0.09643637427577295,-0.09387586729856826
2026-06-07,6,1,2,3,0.8755328257878622,-0.30875823895136517,0.16666666666666666,0.3333333333333333,0.5,-0.28515344085516786,-0.1508702011926779
2026-06-08,10,0,5,5,0.8680045127868652,-0.4254516839981079,0.0,0.5,0.5,-0.36591189371215,-0.17020610803886058
2026-06-09,8,0,5,3,0.8489076718688011,-0.3181501552462578,0.0,0.625,0.375,-0.35078669273191054,-0.1930586359212322
2026-06-10,15,3,8,4,0.8170999685923258,-0.069243590037028,0.2,0.5333333333333333,0.26666666666666666,-0.2709484764271315,-0.20155897015143948
2026-06-11,11,0,6,5,0.8831442269411954,-0.40631127899343317,0.0,0.5454545454545454,0.45454545454545453,-0.2645683414255733,-0.2963738615486184
2026-06-12,8,2,3,3,0.8614658936858177,-0.12110307812690739,0.25,0.375,0.375,-0.1988859823857898,-0.28750625479143926
2026-06-14,6,1,2,3,0.7686256965001425,-0.2626469135284424,0.16666666666666666,0.3333333333333333,0.5,-0.26335375688292795,-0.2730949912687916
2026-06-15,10,1,4,5,0.9047498404979706,-0.3777791440486908,0.1,0.4,0.5,-0.2538430452346805,-0.28295512056840955
2026-06-16,15,3,6,6,0.820090134938558,-0.17913004159927368,0.2,0.4,0.4,-0.2731853663921359,-0.24776631451143324
2026-06-17,12,3,5,4,0.8757923692464828,-0.11464801927407582,0.25,0.4166666666666667,0.3333333333333333,-0.2238524016406804,-0.21869458080112153
2026-06-18,9,1,2,6,0.9254192180103726,-0.5058987670474582,0.1111111111111111,0.2222222222222222,0.6666666666666666,-0.2665589426402695,-0.28107389180261155
2026-06-19,19,3,10,6,0.8088446384982059,-0.1492817433256852,0.15789473684210525,0.5263157894736842,0.3157894736842105,-0.25660950988240666,-0.24435538670721899
2026-06-21,8,0,4,4,0.8244654461741447,-0.42608341574668884,0.0,0.5,0.5,-0.36042130870661104,-0.2879240063671878
2026-06-22,8,2,4,2,0.8140575587749481,-0.056969337165355696,0.25,0.5,0.25,-0.21077816541257688,-0.2585414954581754
2026-06-23,10,2,6,2,0.8589048087596893,-0.038925105333328255,0.2,0.6,0.2,-0.17399261941512456,-0.21013377564169503
2026-06-24,7,1,4,2,0.914203235081264,-0.15760670389447892,0.14285714285714285,0.5714285714285714,0.2857142857142857,-0.0845003821310546,-0.20705901311243863
2026-06-25,15,6,4,5,0.7880138178666433,-0.00120737751324973,0.4,0.26666666666666666,0.3333333333333333,-0.06591306224701927,-0.19085320714660634
2026-06-26,12,2,7,3,0.8311743388573328,-0.10432450970013936,0.16666666666666666,0.5833333333333334,0.25,-0.08771286370262298,-0.13348545609698934
2026-06-28,5,0,3,2,0.8932013034820556,-0.3587836503982544,0.0,0.6,0.4,-0.15477184587054812,-0.16341429996449922
2026-06-29,7,1,3,3,0.8245862594672612,-0.31369336588042124,0.14285714285714285,0.42857142857142855,0.42857142857142855,-0.2589338419929386,-0.14735857855503243
2026-06-30,11,2,4,5,0.7723466726866636,-0.185338017615405,0.18181818181818182,0.36363636363636365,0.45454545454545453,-0.28593834463136053,-0.16569696147646806
2026-07-01,12,1,4,7,0.867167962094148,-0.4607130438089371,0.08333333333333333,0.3333333333333333,0.5833333333333334,-0.3199148091015881,-0.22595238125869788
2026-07-02,9,3,4,2,0.7986087600390116,0.08132836553785536,0.3333333333333333,0.4444444444444444,0.2222222222222222,-0.18824089862882923,-0.19181879991122155
2026-07-03,16,2,11,3,0.8410029374063015,-0.031832706183195114,0.125,0.6875,0.1875,-0.13707246148475927,-0.1961938468640709
2026-07-05,4,1,2,1,0.731448158621788,0.054249882698059096,0.25,0.5,0.25,0.034581847350906116,-0.17354036223575683
2026-07-06,9,2,5,2,0.8227418065071106,-0.014662961165110282,0.2222222222222222,0.5555555555555556,0.2222222222222222,0.002584738449917567,-0.1243802637738791
2026-07-07,10,2,4,4,0.8527820944786072,-0.21149706244468688,0.2,0.4,0.4,-0.05730338030391302,-0.10978079185448848
2026-07-08,6,2,1,3,0.8247022777795792,-0.282217209537824,0.3333333333333333,0.16666666666666666,0.5,-0.16945907771587407,-0.12362067641483405
2026-07-09,6,0,3,3,0.8466162582238516,-0.45817816257476807,0.0,0.5,0.5,-0.31729747818576,-0.12325855052423848
2026-07-10,5,0,3,2,0.9219182729721069,-0.37899391651153563,0.0,0.6,0.4,-0.3731297628747096,-0.18901887653129434
2026-07-12,3,1,2,0,0.7004495660463969,0.21194185813268027,0.3333333333333333,0.6666666666666666,0.0,-0.20841007365120814,-0.15419393877188356
2026-07-13,8,0,2,6,0.8854167312383652,-0.6566491946578026,0.0,0.25,0.75,-0.274567084345553,-0.25575094982272095
